Date	Base future	Cap	Peak	Average rate option	Swaption	Total
3/01/2017	 62 	 17 	 1 	 13 	 47 	 141 
4/01/2017	 62 	 17 	 1 	 13 	 47 	 142 
5/01/2017	 62 	 17 	 1 	 10 	 48 	 139 
6/01/2017	 62 	 17 	 1 	 7 	 48 	 136 
9/01/2017	 62 	 17 	 1 	 7 	 48 	 136 
10/01/2017	 62 	 17 	 1 	 7 	 49 	 136 
11/01/2017	 62 	 17 	 1 	 7 	 49 	 137 
12/01/2017	 63 	 17 	 1 	 7 	 49 	 137 
13/01/2017	 63 	 18 	 1 	 7 	 49 	 138 
16/01/2017	 64 	 18 	 1 	 7 	 49 	 139 
17/01/2017	 65 	 18 	 1 	 7 	 50 	 141 
18/01/2017	 65 	 18 	 1 	 7 	 50 	 141 
19/01/2017	 65 	 18 	 1 	 7 	 51 	 143 
20/01/2017	 66 	 18 	 1 	 7 	 52 	 143 
23/01/2017	 66 	 18 	 1 	 7 	 52 	 144 
24/01/2017	 66 	 18 	 1 	 8 	 52 	 145 
25/01/2017	 66 	 18 	 1 	 8 	 53 	 146 
27/01/2017	 66 	 18 	 2 	 8 	 53 	 147 
30/01/2017	 66 	 18 	 2 	 8 	 53 	 147 
31/01/2017	 66 	 18 	 2 	 8 	 54 	 148 
1/02/2017	 67 	 18 	 2 	 8 	 56 	 151 
2/02/2017	 69 	 18 	 2 	 8 	 57 	 154 
3/02/2017	 69 	 18 	 2 	 8 	 57 	 154 
6/02/2017	 69 	 18 	 2 	 8 	 57 	 155 
7/02/2017	 70 	 18 	 2 	 8 	 58 	 156 
8/02/2017	 70 	 19 	 2 	 8 	 59 	 157 
9/02/2017	 70 	 18 	 2 	 8 	 59 	 157 
10/02/2017	 70 	 19 	 2 	 8 	 60 	 158 
13/02/2017	 70 	 19 	 2 	 8 	 60 	 158 
14/02/2017	 71 	 19 	 2 	 8 	 60 	 159 
15/02/2017	 71 	 19 	 2 	 8 	 60 	 160 
16/02/2017	 71 	 19 	 2 	 8 	 62 	 162 
17/02/2017	 72 	 19 	 2 	 8 	 63 	 164 
20/02/2017	 72 	 19 	 2 	 8 	 63 	 164 
21/02/2017	 73 	 19 	 2 	 8 	 64 	 166 
22/02/2017	 72 	 19 	 2 	 8 	 64 	 165 
23/02/2017	 72 	 19 	 2 	 8 	 64 	 165 
24/02/2017	 71 	 19 	 2 	 8 	 64 	 165 
27/02/2017	 71 	 19 	 2 	 8 	 64 	 165 
28/02/2017	 71 	 19 	 2 	 8 	 65 	 165 
1/03/2017	 71 	 20 	 2 	 8 	 65 	 165 
2/03/2017	 71 	 20 	 2 	 8 	 65 	 165 
3/03/2017	 71 	 20 	 2 	 8 	 65 	 166 
6/03/2017	 71 	 20 	 2 	 8 	 65 	 166 
7/03/2017	 71 	 20 	 2 	 9 	 65 	 167 
8/03/2017	 71 	 20 	 2 	 9 	 66 	 168 
9/03/2017	 71 	 20 	 2 	 9 	 66 	 168 
10/03/2017	 72 	 20 	 2 	 9 	 67 	 170 
13/03/2017	 72 	 20 	 2 	 9 	 68 	 170 
14/03/2017	 72 	 20 	 2 	 9 	 68 	 171 
15/03/2017	 72 	 20 	 2 	 9 	 68 	 170 
16/03/2017	 72 	 20 	 2 	 9 	 68 	 171 
17/03/2017	 72 	 20 	 2 	 9 	 68 	 171 
20/03/2017	 73 	 20 	 2 	 9 	 69 	 173 
21/03/2017	 73 	 20 	 2 	 9 	 69 	 173 
22/03/2017	 73 	 20 	 2 	 9 	 69 	 173 
23/03/2017	 73 	 20 	 2 	 9 	 69 	 174 
24/03/2017	 73 	 20 	 2 	 9 	 69 	 175 
27/03/2017	 74 	 21 	 2 	 9 	 69 	 175 
28/03/2017	 73 	 21 	 2 	 9 	 69 	 175 
29/03/2017	 73 	 21 	 2 	 9 	 69 	 175 
30/03/2017	 73 	 21 	 2 	 10 	 69 	 175 
31/03/2017	 73 	 21 	 2 	 10 	 70 	 176 
3/04/2017	 61 	 17 	 2 	 10 	 70 	 160 
4/04/2017	 61 	 18 	 2 	 10 	 71 	 161 
5/04/2017	 61 	 18 	 2 	 8 	 70 	 159 
6/04/2017	 61 	 18 	 2 	 5 	 70 	 156 
7/04/2017	 61 	 18 	 2 	 6 	 71 	 158 
10/04/2017	 61 	 18 	 2 	 6 	 71 	 158 
11/04/2017	 61 	 18 	 2 	 7 	 71 	 158 
12/04/2017	 61 	 18 	 2 	 7 	 72 	 159 
13/04/2017	 62 	 18 	 2 	 7 	 72 	 160 
18/04/2017	 62 	 18 	 2 	 7 	 72 	 160 
19/04/2017	 63 	 18 	 2 	 7 	 72 	 161 
20/04/2017	 63 	 18 	 2 	 7 	 73 	 163 
21/04/2017	 64 	 18 	 2 	 7 	 74 	 165 
24/04/2017	 63 	 18 	 2 	 7 	 74 	 164 
26/04/2017	 63 	 18 	 2 	 7 	 74 	 165 
27/04/2017	 63 	 18 	 2 	 7 	 75 	 166 
28/04/2017	 63 	 19 	 2 	 7 	 75 	 166 
1/05/2017	 63 	 19 	 2 	 7 	 75 	 166 
2/05/2017	 64 	 18 	 2 	 7 	 75 	 166 
3/05/2017	 64 	 19 	 2 	 8 	 76 	 168 
4/05/2017	 64 	 19 	 2 	 8 	 77 	 169 
5/05/2017	 64 	 19 	 2 	 8 	 77 	 169 
8/05/2017	 64 	 19 	 2 	 9 	 77 	 170 
9/05/2017	 65 	 19 	 2 	 9 	 77 	 171 
10/05/2017	 65 	 19 	 2 	 9 	 77 	 172 
11/05/2017	 65 	 19 	 2 	 9 	 78 	 173 
12/05/2017	 65 	 19 	 2 	 9 	 78 	 174 
15/05/2017	 65 	 19 	 2 	 9 	 77 	 173 
16/05/2017	 66 	 19 	 2 	 9 	 77 	 173 
17/05/2017	 66 	 19 	 2 	 9 	 77 	 173 
18/05/2017	 66 	 19 	 2 	 9 	 77 	 173 
19/05/2017	 67 	 19 	 2 	 9 	 66 	 163 
22/05/2017	 67 	 19 	 2 	 9 	 51 	 149 
23/05/2017	 67 	 19 	 2 	 9 	 51 	 149 
24/05/2017	 68 	 19 	 2 	 9 	 52 	 149 
25/05/2017	 68 	 19 	 2 	 9 	 52 	 150 
26/05/2017	 68 	 19 	 2 	 9 	 52 	 150 
29/05/2017	 68 	 19 	 2 	 9 	 52 	 150 
30/05/2017	 68 	 19 	 2 	 9 	 52 	 151 
31/05/2017	 68 	 20 	 2 	 10 	 52 	 151 
1/06/2017	 68 	 20 	 2 	 10 	 52 	 151 
2/06/2017	 68 	 20 	 2 	 10 	 52 	 151 
5/06/2017	 68 	 20 	 2 	 10 	 53 	 152 
6/06/2017	 68 	 20 	 2 	 10 	 53 	 152 
7/06/2017	 68 	 20 	 2 	 10 	 53 	 153 
8/06/2017	 68 	 20 	 2 	 10 	 54 	 154 
9/06/2017	 68 	 20 	 2 	 10 	 55 	 154 
13/06/2017	 68 	 20 	 2 	 10 	 55 	 155 
14/06/2017	 68 	 20 	 2 	 10 	 55 	 155 
15/06/2017	 68 	 20 	 2 	 10 	 55 	 155 
16/06/2017	 68 	 20 	 2 	 10 	 55 	 155 
19/06/2017	 68 	 20 	 2 	 10 	 55 	 156 
20/06/2017	 68 	 20 	 2 	 10 	 55 	 156 
21/06/2017	 68 	 20 	 2 	 10 	 55 	 156 
22/06/2017	 69 	 20 	 2 	 10 	 56 	 157 
23/06/2017	 69 	 20 	 2 	 10 	 56 	 158 
26/06/2017	 69 	 20 	 2 	 10 	 56 	 157 
27/06/2017	 69 	 20 	 2 	 10 	 56 	 157 
28/06/2017	 69 	 20 	 2 	 10 	 56 	 158 
29/06/2017	 69 	 20 	 2 	 10 	 56 	 158 
30/06/2017	 69 	 20 	 2 	 10 	 56 	 158 
3/07/2017	 59 	 17 	 2 	 10 	 56 	 144 
4/07/2017	 59 	 17 	 2 	 10 	 57 	 146 
5/07/2017	 60 	 17 	 2 	 8 	 57 	 144 
6/07/2017	 60 	 17 	 2 	 7 	 58 	 143 
7/07/2017	 60 	 17 	 2 	 7 	 58 	 143 
10/07/2017	 60 	 17 	 2 	 7 	 58 	 144 
11/07/2017	 60 	 17 	 2 	 7 	 59 	 146 
12/07/2017	 60 	 17 	 2 	 7 	 60 	 146 
13/07/2017	 60 	 17 	 2 	 7 	 60 	 146 
14/07/2017	 61 	 17 	 2 	 7 	 60 	 146 
17/07/2017	 60 	 17 	 2 	 7 	 60 	 146 
18/07/2017	 61 	 17 	 2 	 7 	 60 	 147 
19/07/2017	 61 	 18 	 2 	 7 	 60 	 147 
20/07/2017	 61 	 18 	 2 	 7 	 60 	 147 
21/07/2017	 61 	 18 	 2 	 7 	 60 	 147 
24/07/2017	 61 	 18 	 2 	 7 	 60 	 147 
25/07/2017	 61 	 18 	 2 	 7 	 60 	 148 
26/07/2017	 61 	 18 	 2 	 7 	 60 	 148 
27/07/2017	 61 	 18 	 2 	 7 	 60 	 148 
28/07/2017	 61 	 18 	 2 	 7 	 60 	 148 
31/07/2017	 61 	 18 	 2 	 7 	 60 	 148 
1/08/2017	 61 	 18 	 2 	 7 	 60 	 148 
2/08/2017	 61 	 18 	 2 	 7 	 60 	 148 
3/08/2017	 61 	 18 	 2 	 7 	 60 	 148 
4/08/2017	 61 	 18 	 2 	 7 	 60 	 148 
7/08/2017	 61 	 18 	 2 	 7 	 45 	 132 
8/08/2017	 61 	 19 	 2 	 7 	 61 	 150 
9/08/2017	 61 	 19 	 2 	 8 	 61 	 150 
10/08/2017	 61 	 19 	 2 	 8 	 61 	 150 
11/08/2017	 62 	 19 	 2 	 8 	 61 	 150 
14/08/2017	 62 	 19 	 2 	 8 	 61 	 151 
15/08/2017	 62 	 19 	 2 	 8 	 61 	 151 
16/08/2017	 62 	 19 	 2 	 8 	 61 	 151 
17/08/2017	 62 	 19 	 2 	 8 	 61 	 151 
18/08/2017	 63 	 19 	 2 	 8 	 61 	 152 
21/08/2017	 63 	 19 	 2 	 8 	 61 	 152 
22/08/2017	 63 	 19 	 2 	 8 	 61 	 152 
23/08/2017	 63 	 19 	 2 	 8 	 62 	 153 
24/08/2017	 63 	 19 	 2 	 8 	 62 	 154 
25/08/2017	 63 	 19 	 2 	 8 	 62 	 154 
28/08/2017	 63 	 19 	 2 	 8 	 62 	 154 
29/08/2017	 63 	 19 	 2 	 8 	 62 	 155 
30/08/2017	 63 	 19 	 2 	 8 	 62 	 155 
31/08/2017	 64 	 20 	 2 	 8 	 62 	 155 
1/09/2017	 64 	 20 	 2 	 8 	 62 	 156 
4/09/2017	 64 	 19 	 2 	 8 	 62 	 156 
5/09/2017	 64 	 20 	 2 	 8 	 62 	 156 
6/09/2017	 64 	 20 	 2 	 8 	 63 	 157 
7/09/2017	 64 	 20 	 2 	 9 	 63 	 157 
8/09/2017	 64 	 20 	 2 	 9 	 63 	 157 
11/09/2017	 65 	 20 	 2 	 9 	 63 	 158 
12/09/2017	 66 	 20 	 2 	 9 	 63 	 159 
13/09/2017	 66 	 20 	 2 	 9 	 64 	 160 
14/09/2017	 66 	 20 	 2 	 9 	 64 	 161 
15/09/2017	 67 	 20 	 2 	 9 	 65 	 162 
18/09/2017	 67 	 20 	 2 	 9 	 64 	 162 
19/09/2017	 67 	 20 	 2 	 9 	 65 	 162 
20/09/2017	 68 	 20 	 2 	 9 	 66 	 164 
21/09/2017	 68 	 20 	 2 	 9 	 65 	 164 
22/09/2017	 68 	 20 	 2 	 9 	 66 	 165 
25/09/2017	 68 	 20 	 2 	 9 	 66 	 165 
26/09/2017	 68 	 20 	 2 	 9 	 66 	 165 
27/09/2017	 68 	 20 	 2 	 9 	 66 	 166 
28/09/2017	 68 	 20 	 2 	 9 	 67 	 166 
29/09/2017	 68 	 20 	 2 	 9 	 67 	 166 
2/10/2017	 58 	 17 	 1 	 9 	 67 	 152 
3/10/2017	 58 	 17 	 1 	 9 	 67 	 152 
4/10/2017	 58 	 17 	 1 	 8 	 67 	 151 
5/10/2017	 58 	 18 	 1 	 6 	 67 	 151 
6/10/2017	 58 	 18 	 1 	 6 	 67 	 151 
9/10/2017	 58 	 18 	 1 	 6 	 67 	 152 
10/10/2017	 58 	 18 	 1 	 7 	 67 	 152 
11/10/2017	 58 	 19 	 1 	 7 	 67 	 152 
12/10/2017	 59 	 19 	 1 	 7 	 67 	 152 
13/10/2017	 59 	 19 	 1 	 7 	 67 	 153 
16/10/2017	 59 	 19 	 1 	 7 	 67 	 153 
17/10/2017	 59 	 19 	 1 	 7 	 67 	 152 
18/10/2017	 59 	 19 	 1 	 7 	 67 	 153 
19/10/2017	 60 	 19 	 1 	 7 	 67 	 153 
20/10/2017	 60 	 19 	 1 	 7 	 66 	 153 
23/10/2017	 60 	 19 	 1 	 7 	 66 	 154 
24/10/2017	 60 	 19 	 1 	 7 	 66 	 154 
25/10/2017	 60 	 19 	 1 	 7 	 67 	 154 
26/10/2017	 60 	 19 	 1 	 7 	 67 	 155 
27/10/2017	 60 	 19 	 1 	 7 	 67 	 155 
30/10/2017	 60 	 19 	 1 	 7 	 67 	 155 
31/10/2017	 60 	 19 	 1 	 8 	 67 	 156 
1/11/2017	 60 	 19 	 2 	 8 	 67 	 156 
2/11/2017	 60 	 19 	 2 	 8 	 67 	 157 
3/11/2017	 60 	 20 	 2 	 9 	 67 	 158 
6/11/2017	 60 	 20 	 2 	 9 	 67 	 158 
7/11/2017	 60 	 20 	 2 	 9 	 67 	 158 
8/11/2017	 60 	 20 	 2 	 9 	 67 	 158 
9/11/2017	 60 	 20 	 2 	 9 	 67 	 158 
10/11/2017	 61 	 20 	 2 	 10 	 67 	 159 
13/11/2017	 61 	 20 	 2 	 10 	 67 	 159 
14/11/2017	 61 	 20 	 2 	 10 	 67 	 159 
15/11/2017	 61 	 20 	 2 	 10 	 67 	 159 
16/11/2017	 61 	 20 	 2 	 10 	 67 	 159 
17/11/2017	 61 	 20 	 2 	 10 	 66 	 159 
20/11/2017	 63 	 20 	 2 	 10 	 56 	 151 
21/11/2017	 63 	 20 	 2 	 11 	 33 	 128 
22/11/2017	 63 	 20 	 2 	 11 	 33 	 128 
23/11/2017	 63 	 20 	 2 	 11 	 33 	 128 
24/11/2017	 63 	 21 	 2 	 11 	 33 	 129 
27/11/2017	 63 	 21 	 2 	 11 	 33 	 129 
28/11/2017	 63 	 21 	 2 	 11 	 33 	 129 
29/11/2017	 63 	 21 	 2 	 11 	 33 	 129 
30/11/2017	 63 	 21 	 2 	 11 	 33 	 129 
1/12/2017	 63 	 21 	 2 	 11 	 33 	 129 
4/12/2017	 63 	 21 	 2 	 11 	 33 	 129 
5/12/2017	 63 	 21 	 2 	 11 	 33 	 130 
6/12/2017	 63 	 21 	 2 	 11 	 33 	 130 
7/12/2017	 63 	 21 	 2 	 11 	 33 	 130 
8/12/2017	 62 	 21 	 2 	 11 	 33 	 129 
11/12/2017	 62 	 21 	 2 	 11 	 33 	 130 
12/12/2017	 62 	 21 	 2 	 11 	 33 	 131 
13/12/2017	 63 	 21 	 2 	 11 	 33 	 131 
14/12/2017	 63 	 21 	 2 	 12 	 33 	 131 
15/12/2017	 63 	 21 	 2 	 12 	 33 	 131 
18/12/2017	 63 	 21 	 2 	 12 	 33 	 131 
19/12/2017	 63 	 21 	 2 	 12 	 33 	 131 
20/12/2017	 63 	 21 	 2 	 12 	 33 	 132 
21/12/2017	 63 	 22 	 2 	 12 	 34 	 132 
22/12/2017	 63 	 22 	 2 	 12 	 33 	 132 
27/12/2017	 63 	 22 	 2 	 12 	 33 	 132 
28/12/2017	 63 	 22 	 2 	 12 	 33 	 133 
29/12/2017	 63 	 22 	 2 	 12 	 33 	 133 
2/01/2018	 53 	 18 	 2 	 12 	 34 	 118 
3/01/2018	 53 	 19 	 2 	 12 	 34 	 119 
4/01/2018	 53 	 19 	 2 	 11 	 34 	 118 
5/01/2018	 53 	 19 	 2 	 9 	 34 	 117 
8/01/2018	 53 	 19 	 2 	 10 	 34 	 117 
9/01/2018	 53 	 19 	 2 	 10 	 34 	 118 
10/01/2018	 53 	 19 	 2 	 10 	 34 	 118 
11/01/2018	 53 	 19 	 2 	 10 	 34 	 119 
12/01/2018	 53 	 19 	 2 	 10 	 34 	 119 
15/01/2018	 53 	 19 	 2 	 10 	 34 	 119 
16/01/2018	 53 	 20 	 2 	 11 	 34 	 120 
17/01/2018	 53 	 20 	 2 	 11 	 34 	 120 
18/01/2018	 53 	 20 	 2 	 11 	 34 	 121 
19/01/2018	 53 	 21 	 2 	 11 	 34 	 121 
22/01/2018	 53 	 21 	 2 	 11 	 34 	 121 
23/01/2018	 53 	 22 	 2 	 11 	 34 	 122 
24/01/2018	 53 	 22 	 2 	 11 	 34 	 122 
25/01/2018	 54 	 22 	 2 	 11 	 35 	 124 
29/01/2018	 54 	 22 	 2 	 11 	 35 	 124 
30/01/2018	 54 	 23 	 2 	 11 	 35 	 125 
31/01/2018	 54 	 23 	 2 	 12 	 37 	 127 
1/02/2018	 54 	 23 	 2 	 12 	 37 	 128 
2/02/2018	 54 	 23 	 2 	 13 	 38 	 130 
5/02/2018	 54 	 23 	 2 	 13 	 38 	 130 
6/02/2018	 54 	 23 	 2 	 13 	 38 	 130 
7/02/2018	 54 	 24 	 2 	 13 	 38 	 131 
8/02/2018	 54 	 24 	 2 	 13 	 38 	 131 
9/02/2018	 54 	 24 	 2 	 13 	 38 	 132 
12/02/2018	 55 	 24 	 2 	 13 	 38 	 132 
13/02/2018	 55 	 24 	 2 	 13 	 39 	 133 
14/02/2018	 55 	 24 	 2 	 13 	 40 	 134 
15/02/2018	 55 	 24 	 2 	 13 	 40 	 135 
16/02/2018	 55 	 24 	 2 	 14 	 40 	 135 
19/02/2018	 55 	 24 	 2 	 14 	 41 	 136 
20/02/2018	 56 	 24 	 2 	 14 	 41 	 137 
21/02/2018	 56 	 24 	 2 	 14 	 41 	 137 
22/02/2018	 56 	 25 	 2 	 14 	 41 	 137 
23/02/2018	 56 	 25 	 2 	 14 	 41 	 138 
26/02/2018	 56 	 25 	 2 	 14 	 41 	 138 
27/02/2018	 56 	 25 	 2 	 14 	 41 	 138 
28/02/2018	 56 	 25 	 2 	 14 	 42 	 139 
1/03/2018	 56 	 25 	 2 	 14 	 42 	 139 
2/03/2018	 56 	 25 	 2 	 14 	 43 	 140 
5/03/2018	 56 	 25 	 2 	 14 	 43 	 140 
6/03/2018	 56 	 25 	 2 	 15 	 42 	 140 
7/03/2018	 57 	 25 	 2 	 15 	 43 	 142 
8/03/2018	 57 	 25 	 2 	 15 	 43 	 142 
9/03/2018	 57 	 25 	 2 	 15 	 43 	 143 
12/03/2018	 57 	 25 	 2 	 15 	 43 	 143 
13/03/2018	 57 	 25 	 2 	 15 	 43 	 143 
14/03/2018	 58 	 26 	 2 	 15 	 43 	 145 
15/03/2018	 58 	 26 	 2 	 15 	 44 	 145 
16/03/2018	 58 	 26 	 2 	 16 	 44 	 146 
19/03/2018	 58 	 26 	 2 	 16 	 44 	 146 
20/03/2018	 58 	 26 	 2 	 16 	 44 	 146 
21/03/2018	 58 	 26 	 2 	 16 	 45 	 147 
22/03/2018	 58 	 27 	 2 	 16 	 45 	 148 
23/03/2018	 58 	 27 	 2 	 16 	 45 	 148 
26/03/2018	 58 	 27 	 2 	 16 	 45 	 148 
27/03/2018	 58 	 27 	 2 	 16 	 45 	 148 
28/03/2018	 58 	 27 	 2 	 16 	 45 	 148 
29/03/2018	 58 	 27 	 2 	 16 	 45 	 149 
3/04/2018	 48 	 22 	 2 	 16 	 46 	 134 
4/04/2018	 49 	 22 	 2 	 16 	 46 	 135 
5/04/2018	 49 	 22 	 2 	 14 	 46 	 133 
6/04/2018	 49 	 22 	 2 	 11 	 46 	 130 
9/04/2018	 49 	 22 	 2 	 11 	 46 	 130 
10/04/2018	 50 	 22 	 2 	 11 	 46 	 130 
11/04/2018	 50 	 22 	 2 	 11 	 46 	 131 
12/04/2018	 50 	 22 	 2 	 11 	 47 	 132 
13/04/2018	 50 	 22 	 2 	 11 	 48 	 134 
16/04/2018	 50 	 22 	 2 	 11 	 48 	 134 
17/04/2018	 50 	 23 	 2 	 11 	 49 	 135 
18/04/2018	 50 	 23 	 2 	 12 	 49 	 136 
19/04/2018	 51 	 23 	 2 	 12 	 49 	 136 
20/04/2018	 51 	 23 	 2 	 12 	 49 	 137 
23/04/2018	 51 	 23 	 2 	 12 	 49 	 137 
24/04/2018	 51 	 23 	 2 	 12 	 50 	 138 
26/04/2018	 51 	 23 	 2 	 12 	 50 	 138 
27/04/2018	 51 	 23 	 2 	 13 	 50 	 139 
30/04/2018	 52 	 23 	 2 	 13 	 50 	 139 
1/05/2018	 51 	 23 	 2 	 13 	 50 	 140 
2/05/2018	 52 	 23 	 2 	 13 	 50 	 140 
3/05/2018	 52 	 24 	 2 	 13 	 51 	 140 
4/05/2018	 52 	 24 	 2 	 13 	 51 	 140 
7/05/2018	 52 	 24 	 2 	 13 	 51 	 140 
8/05/2018	 52 	 24 	 2 	 13 	 51 	 141 
9/05/2018	 52 	 24 	 2 	 13 	 51 	 141 
10/05/2018	 52 	 24 	 2 	 13 	 51 	 141 
11/05/2018	 53 	 24 	 2 	 13 	 51 	 142 
14/05/2018	 53 	 24 	 2 	 13 	 51 	 142 
15/05/2018	 53 	 25 	 2 	 13 	 51 	 143 
16/05/2018	 53 	 25 	 2 	 13 	 51 	 144 
17/05/2018	 53 	 25 	 2 	 13 	 51 	 144 
18/05/2018	 53 	 25 	 2 	 13 	 52 	 146 
21/05/2018	 55 	 25 	 2 	 13 	 44 	 139 
22/05/2018	 55 	 25 	 2 	 13 	 32 	 127 
23/05/2018	 55 	 25 	 2 	 13 	 32 	 128 
24/05/2018	 55 	 26 	 2 	 13 	 32 	 128 
25/05/2018	 55 	 26 	 2 	 14 	 32 	 129 
28/05/2018	 56 	 26 	 2 	 14 	 32 	 129 
29/05/2018	 56 	 26 	 2 	 14 	 32 	 130 
30/05/2018	 56 	 26 	 2 	 14 	 32 	 130 
31/05/2018	 57 	 26 	 2 	 14 	 32 	 131 
1/06/2018	 53 	 26 	 2 	 15 	 32 	 128 
4/06/2018	 53 	 26 	 2 	 15 	 32 	 129 
5/06/2018	 54 	 26 	 2 	 16 	 32 	 131 
6/06/2018	 54 	 27 	 2 	 17 	 32 	 132 
7/06/2018	 54 	 27 	 2 	 18 	 32 	 133 
8/06/2018	 54 	 27 	 2 	 18 	 32 	 133 
12/06/2018	 55 	 27 	 2 	 19 	 32 	 134 
13/06/2018	 55 	 27 	 2 	 19 	 32 	 135 
14/06/2018	 55 	 27 	 2 	 19 	 32 	 135 
15/06/2018	 56 	 27 	 2 	 19 	 32 	 136 
18/06/2018	 56 	 27 	 2 	 19 	 32 	 136 
19/06/2018	 56 	 27 	 2 	 19 	 34 	 139 
20/06/2018	 57 	 27 	 2 	 19 	 35 	 140 
21/06/2018	 59 	 27 	 2 	 19 	 36 	 143 
22/06/2018	 59 	 27 	 2 	 19 	 36 	 143 
25/06/2018	 59 	 27 	 2 	 19 	 36 	 144 
26/06/2018	 60 	 27 	 2 	 19 	 36 	 145 
27/06/2018	 60 	 28 	 2 	 19 	 36 	 145 
28/06/2018	 60 	 27 	 2 	 19 	 37 	 145 
29/06/2018	 60 	 27 	 2 	 19 	 36 	 145 
2/07/2018	 50 	 24 	 1 	 19 	 36 	 131 
3/07/2018	 50 	 24 	 1 	 19 	 36 	 131 
4/07/2018	 50 	 24 	 1 	 18 	 36 	 129 
5/07/2018	 50 	 24 	 1 	 15 	 36 	 127 
6/07/2018	 50 	 24 	 1 	 15 	 36 	 127 
9/07/2018	 50 	 24 	 1 	 15 	 37 	 127 
10/07/2018	 50 	 24 	 1 	 15 	 37 	 128 
11/07/2018	 50 	 24 	 1 	 15 	 39 	 130 
12/07/2018	 51 	 24 	 1 	 15 	 39 	 130 
13/07/2018	 51 	 24 	 1 	 15 	 40 	 132 
16/07/2018	 51 	 24 	 1 	 15 	 40 	 132 
17/07/2018	 51 	 24 	 2 	 15 	 40 	 132 
18/07/2018	 51 	 24 	 2 	 15 	 41 	 133 
19/07/2018	 52 	 24 	 2 	 16 	 41 	 134 
20/07/2018	 52 	 24 	 2 	 16 	 41 	 135 
23/07/2018	 53 	 24 	 2 	 16 	 41 	 136 
24/07/2018	 53 	 24 	 2 	 16 	 41 	 137 
25/07/2018	 54 	 24 	 2 	 16 	 43 	 139 
26/07/2018	 54 	 24 	 2 	 16 	 43 	 139 
27/07/2018	 54 	 25 	 2 	 16 	 43 	 140 
30/07/2018	 54 	 25 	 2 	 16 	 44 	 141 
31/07/2018	 55 	 25 	 2 	 16 	 45 	 143 
1/08/2018	 56 	 25 	 2 	 16 	 45 	 144 
2/08/2018	 56 	 25 	 2 	 17 	 45 	 145 
3/08/2018	 56 	 25 	 2 	 17 	 45 	 145 
6/08/2018	 57 	 25 	 2 	 17 	 45 	 146 
7/08/2018	 57 	 26 	 2 	 17 	 45 	 147 
8/08/2018	 58 	 26 	 2 	 17 	 46 	 148 
9/08/2018	 58 	 26 	 2 	 17 	 46 	 149 
10/08/2018	 59 	 26 	 2 	 17 	 46 	 149 
13/08/2018	 59 	 26 	 2 	 17 	 46 	 149 
14/08/2018	 59 	 26 	 2 	 17 	 46 	 150 
15/08/2018	 60 	 26 	 2 	 17 	 46 	 151 
16/08/2018	 60 	 26 	 2 	 17 	 46 	 151 
17/08/2018	 60 	 26 	 2 	 17 	 46 	 153 
20/08/2018	 61 	 26 	 2 	 17 	 47 	 154 
21/08/2018	 61 	 27 	 2 	 17 	 47 	 154 
22/08/2018	 61 	 27 	 2 	 18 	 47 	 154 
23/08/2018	 61 	 27 	 2 	 18 	 47 	 155 
24/08/2018	 61 	 27 	 2 	 18 	 47 	 155 
27/08/2018	 61 	 27 	 2 	 18 	 47 	 155 
28/08/2018	 62 	 27 	 2 	 18 	 47 	 156 
29/08/2018	 63 	 27 	 2 	 18 	 47 	 157 
30/08/2018	 63 	 27 	 2 	 18 	 47 	 157 
31/08/2018	 63 	 27 	 2 	 18 	 47 	 157 
3/09/2018	 64 	 27 	 2 	 18 	 47 	 158 
4/09/2018	 64 	 27 	 2 	 18 	 47 	 158 
5/09/2018	 64 	 27 	 2 	 18 	 47 	 158 
6/09/2018	 64 	 27 	 2 	 18 	 47 	 159 
7/09/2018	 64 	 27 	 2 	 18 	 47 	 160 
10/09/2018	 64 	 27 	 2 	 18 	 47 	 159 
11/09/2018	 64 	 27 	 2 	 18 	 48 	 160 
12/09/2018	 64 	 27 	 2 	 19 	 49 	 161 
13/09/2018	 64 	 27 	 2 	 19 	 49 	 161 
14/09/2018	 64 	 27 	 2 	 19 	 49 	 161 
17/09/2018	 64 	 27 	 2 	 19 	 50 	 162 
18/09/2018	 64 	 28 	 2 	 19 	 50 	 163 
19/09/2018	 65 	 27 	 2 	 19 	 50 	 163 
20/09/2018	 65 	 28 	 2 	 19 	 50 	 164 
21/09/2018	 65 	 28 	 2 	 19 	 50 	 164 
24/09/2018	 65 	 28 	 2 	 19 	 50 	 164 
25/09/2018	 65 	 28 	 2 	 19 	 50 	 164 
26/09/2018	 65 	 28 	 2 	 19 	 50 	 164 
27/09/2018	 65 	 28 	 2 	 19 	 50 	 164 
28/09/2018	 65 	 28 	 2 	 20 	 51 	 166 
1/10/2018	 55 	 23 	 2 	 20 	 51 	 152 
2/10/2018	 56 	 23 	 2 	 20 	 52 	 152 
3/10/2018	 56 	 23 	 2 	 18 	 52 	 151 
4/10/2018	 57 	 24 	 2 	 15 	 53 	 150 
5/10/2018	 57 	 24 	 2 	 15 	 53 	 151 
8/10/2018	 57 	 24 	 2 	 15 	 53 	 151 
9/10/2018	 58 	 24 	 2 	 15 	 53 	 152 
10/10/2018	 58 	 24 	 2 	 15 	 53 	 152 
11/10/2018	 58 	 24 	 2 	 15 	 54 	 153 
12/10/2018	 58 	 24 	 2 	 15 	 54 	 153 
15/10/2018	 58 	 24 	 2 	 15 	 54 	 154 
16/10/2018	 58 	 24 	 2 	 15 	 55 	 155 
17/10/2018	 58 	 24 	 2 	 15 	 55 	 155 
18/10/2018	 58 	 24 	 2 	 15 	 55 	 156 
19/10/2018	 58 	 25 	 2 	 16 	 55 	 156 
22/10/2018	 58 	 25 	 2 	 16 	 55 	 156 
23/10/2018	 59 	 25 	 2 	 16 	 56 	 157 
24/10/2018	 59 	 25 	 2 	 16 	 56 	 159 
25/10/2018	 60 	 26 	 2 	 16 	 58 	 161 
26/10/2018	 60 	 26 	 2 	 16 	 58 	 162 
29/10/2018	 61 	 26 	 2 	 16 	 59 	 163 
30/10/2018	 61 	 26 	 2 	 16 	 59 	 163 
31/10/2018	 61 	 25 	 2 	 16 	 61 	 165 
1/11/2018	 62 	 25 	 2 	 16 	 61 	 167 
2/11/2018	 62 	 26 	 2 	 16 	 64 	 170 
5/11/2018	 59 	 26 	 2 	 16 	 66 	 169 
6/11/2018	 59 	 26 	 2 	 16 	 66 	 169 
7/11/2018	 60 	 26 	 2 	 16 	 66 	 170 
8/11/2018	 60 	 26 	 2 	 16 	 66 	 170 
9/11/2018	 60 	 26 	 2 	 16 	 67 	 171 
12/11/2018	 60 	 26 	 2 	 16 	 67 	 171 
13/11/2018	 60 	 26 	 2 	 16 	 67 	 171 
14/11/2018	 62 	 26 	 2 	 16 	 67 	 173 
15/11/2018	 62 	 26 	 2 	 16 	 67 	 173 
16/11/2018	 62 	 26 	 2 	 16 	 66 	 172 
19/11/2018	 64 	 26 	 2 	 16 	 51 	 160 
20/11/2018	 64 	 26 	 2 	 16 	 42 	 150 
21/11/2018	 64 	 26 	 2 	 17 	 42 	 151 
22/11/2018	 64 	 26 	 2 	 17 	 42 	 151 
23/11/2018	 64 	 26 	 2 	 17 	 42 	 152 
26/11/2018	 63 	 26 	 2 	 17 	 42 	 151 
27/11/2018	 63 	 27 	 2 	 17 	 42 	 151 
28/11/2018	 64 	 26 	 2 	 17 	 43 	 152 
29/11/2018	 64 	 26 	 2 	 17 	 43 	 152 
30/11/2018	 64 	 26 	 2 	 17 	 44 	 153 
3/12/2018	 64 	 27 	 2 	 17 	 44 	 154 
4/12/2018	 63 	 27 	 2 	 17 	 44 	 154 
5/12/2018	 64 	 27 	 2 	 17 	 45 	 155 
6/12/2018	 64 	 28 	 2 	 17 	 45 	 156 
7/12/2018	 64 	 28 	 2 	 17 	 45 	 156 
10/12/2018	 64 	 28 	 2 	 17 	 45 	 156 
11/12/2018	 63 	 28 	 2 	 17 	 46 	 156 
12/12/2018	 63 	 28 	 2 	 17 	 46 	 156 
13/12/2018	 63 	 28 	 2 	 17 	 46 	 156 
14/12/2018	 64 	 28 	 2 	 17 	 46 	 157 
17/12/2018	 63 	 28 	 2 	 17 	 47 	 157 
18/12/2018	 63 	 28 	 2 	 17 	 46 	 157 
19/12/2018	 64 	 28 	 2 	 17 	 47 	 159 
20/12/2018	 64 	 28 	 3 	 17 	 47 	 160 
21/12/2018	 65 	 28 	 3 	 17 	 47 	 160 
24/12/2018	 65 	 28 	 3 	 17 	 47 	 160 
27/12/2018	 65 	 28 	 3 	 17 	 47 	 160 
28/12/2018	 65 	 28 	 3 	 17 	 48 	 160 
31/12/2018	 65 	 28 	 3 	 17 	 48 	 160 
2/01/2019	 56 	 23 	 2 	 17 	 48 	 146 
3/01/2019	 56 	 23 	 2 	 17 	 48 	 146 
4/01/2019	 56 	 23 	 2 	 14 	 48 	 143 
7/01/2019	 56 	 23 	 2 	 11 	 48 	 140 
8/01/2019	 56 	 23 	 2 	 11 	 48 	 141 
9/01/2019	 57 	 23 	 2 	 11 	 49 	 142 
10/01/2019	 57 	 23 	 2 	 11 	 49 	 142 
11/01/2019	 57 	 23 	 2 	 11 	 49 	 143 
14/01/2019	 57 	 23 	 2 	 11 	 49 	 143 
15/01/2019	 57 	 23 	 2 	 11 	 50 	 144 
16/01/2019	 58 	 24 	 2 	 11 	 50 	 144 
17/01/2019	 58 	 23 	 2 	 9 	 36 	 127 
18/01/2019	 58 	 23 	 2 	 11 	 51 	 145 
21/01/2019	 58 	 24 	 2 	 11 	 51 	 145 
22/01/2019	 58 	 24 	 2 	 11 	 51 	 146 
23/01/2019	 58 	 24 	 2 	 11 	 52 	 147 
24/01/2019	 58 	 24 	 2 	 11 	 52 	 146 
25/01/2019	 58 	 24 	 2 	 11 	 52 	 147 
29/01/2019	 58 	 24 	 2 	 11 	 53 	 148 
30/01/2019	 59 	 24 	 2 	 11 	 53 	 149 
31/01/2019	 59 	 24 	 2 	 11 	 53 	 150 
1/02/2019	 59 	 24 	 2 	 11 	 53 	 150 
4/02/2019	 59 	 24 	 2 	 11 	 53 	 150 
5/02/2019	 59 	 24 	 2 	 11 	 53 	 151 
6/02/2019	 59 	 24 	 2 	 11 	 53 	 151 
7/02/2019	 60 	 24 	 2 	 11 	 53 	 151 
8/02/2019	 60 	 24 	 2 	 12 	 54 	 152 
11/02/2019	 60 	 25 	 2 	 12 	 54 	 152 
12/02/2019	 60 	 25 	 2 	 12 	 54 	 152 
13/02/2019	 59 	 25 	 2 	 12 	 54 	 153 
14/02/2019	 60 	 25 	 2 	 12 	 54 	 154 
15/02/2019	 60 	 25 	 2 	 13 	 54 	 154 
18/02/2019	 60 	 25 	 2 	 13 	 54 	 155 
19/02/2019	 61 	 25 	 2 	 13 	 55 	 156 
20/02/2019	 60 	 25 	 2 	 13 	 56 	 156 
21/02/2019	 61 	 25 	 2 	 13 	 57 	 159 
22/02/2019	 61 	 25 	 2 	 13 	 57 	 160 
25/02/2019	 62 	 25 	 2 	 13 	 59 	 162 
26/02/2019	 62 	 25 	 2 	 14 	 59 	 162 
27/02/2019	 62 	 25 	 2 	 14 	 59 	 162 
28/02/2019	 62 	 25 	 2 	 14 	 59 	 163 
1/03/2019	 63 	 25 	 2 	 14 	 60 	 164 
4/03/2019	 63 	 25 	 2 	 14 	 60 	 165 
5/03/2019	 64 	 25 	 2 	 14 	 61 	 166 
6/03/2019	 65 	 25 	 2 	 14 	 62 	 168 
7/03/2019	 65 	 25 	 2 	 14 	 63 	 169 
8/03/2019	 65 	 26 	 2 	 14 	 63 	 170 
11/03/2019	 65 	 26 	 2 	 14 	 64 	 170 
12/03/2019	 65 	 26 	 2 	 14 	 64 	 171 
13/03/2019	 65 	 26 	 2 	 14 	 64 	 171 
14/03/2019	 66 	 26 	 2 	 14 	 65 	 173 
15/03/2019	 66 	 26 	 2 	 14 	 66 	 174 
18/03/2019	 66 	 26 	 2 	 14 	 66 	 174 
19/03/2019	 66 	 26 	 2 	 14 	 67 	 175 
20/03/2019	 67 	 26 	 2 	 14 	 69 	 177 
21/03/2019	 67 	 26 	 2 	 14 	 69 	 178 
22/03/2019	 67 	 26 	 2 	 14 	 71 	 180 
25/03/2019	 67 	 26 	 2 	 14 	 71 	 180 
26/03/2019	 67 	 26 	 2 	 14 	 71 	 181 
27/03/2019	 68 	 26 	 2 	 14 	 72 	 181 
28/03/2019	 68 	 26 	 2 	 14 	 72 	 181 
29/03/2019	 68 	 26 	 2 	 14 	 72 	 182 
1/04/2019	 58 	 20 	 2 	 14 	 72 	 166 
2/04/2019	 58 	 20 	 2 	 14 	 73 	 167 
3/04/2019	 59 	 20 	 2 	 11 	 73 	 166 
4/04/2019	 59 	 21 	 2 	 8 	 73 	 163 
5/04/2019	 58 	 21 	 2 	 9 	 74 	 163 
8/04/2019	 59 	 21 	 2 	 9 	 74 	 164 
9/04/2019	 59 	 21 	 2 	 9 	 74 	 164 
10/04/2019	 59 	 21 	 2 	 9 	 75 	 165 
11/04/2019	 59 	 21 	 2 	 9 	 75 	 166 
12/04/2019	 59 	 21 	 2 	 9 	 75 	 167 
15/04/2019	 59 	 21 	 2 	 9 	 75 	 167 
16/04/2019	 59 	 21 	 2 	 10 	 75 	 168 
17/04/2019	 60 	 21 	 2 	 11 	 75 	 169 
18/04/2019	 59 	 21 	 2 	 11 	 76 	 170 
23/04/2019	 60 	 21 	 2 	 11 	 76 	 170 
24/04/2019	 60 	 22 	 2 	 11 	 76 	 170 
26/04/2019	 60 	 22 	 2 	 11 	 76 	 170 
29/04/2019	 60 	 22 	 2 	 11 	 76 	 171 
30/04/2019	 60 	 22 	 2 	 12 	 77 	 172 
1/05/2019	 60 	 22 	 2 	 12 	 77 	 173 
2/05/2019	 61 	 22 	 2 	 12 	 77 	 173 
3/05/2019	 61 	 22 	 2 	 12 	 78 	 174 
6/05/2019	 61 	 22 	 2 	 12 	 78 	 175 
7/05/2019	 61 	 22 	 2 	 13 	 78 	 176 
8/05/2019	 61 	 22 	 2 	 13 	 78 	 176 
9/05/2019	 61 	 22 	 2 	 13 	 78 	 176 
10/05/2019	 61 	 22 	 2 	 14 	 78 	 177 
13/05/2019	 61 	 22 	 2 	 14 	 78 	 178 
14/05/2019	 61 	 22 	 2 	 15 	 79 	 179 
15/05/2019	 62 	 22 	 2 	 15 	 80 	 181 
16/05/2019	 62 	 22 	 2 	 16 	 81 	 182 
17/05/2019	 62 	 22 	 2 	 16 	 80 	 182 
20/05/2019	 63 	 22 	 2 	 16 	 71 	 174 
21/05/2019	 63 	 22 	 2 	 16 	 60 	 163 
22/05/2019	 63 	 22 	 2 	 16 	 61 	 163 
23/05/2019	 63 	 22 	 2 	 16 	 61 	 165 
24/05/2019	 63 	 22 	 2 	 17 	 61 	 165 
27/05/2019	 63 	 22 	 2 	 17 	 62 	 167 
28/05/2019	 63 	 22 	 2 	 18 	 62 	 167 
29/05/2019	 63 	 22 	 2 	 18 	 64 	 170 
30/05/2019	 64 	 22 	 2 	 18 	 65 	 171 
31/05/2019	 64 	 22 	 2 	 18 	 66 	 172 
3/06/2019	 64 	 22 	 2 	 18 	 67 	 173 
4/06/2019	 64 	 22 	 2 	 18 	 67 	 175 
5/06/2019	 64 	 22 	 2 	 19 	 69 	 176 
6/06/2019	 64 	 23 	 2 	 19 	 69 	 177 
7/06/2019	 64 	 23 	 2 	 19 	 72 	 180 
11/06/2019	 65 	 23 	 2 	 19 	 72 	 181 
12/06/2019	 65 	 23 	 2 	 20 	 72 	 182 
13/06/2019	 65 	 23 	 2 	 20 	 74 	 184 
14/06/2019	 66 	 23 	 2 	 20 	 75 	 185 
17/06/2019	 66 	 23 	 2 	 20 	 77 	 187 
18/06/2019	 66 	 23 	 2 	 20 	 77 	 188 
19/06/2019	 67 	 23 	 2 	 20 	 78 	 189 
20/06/2019	 67 	 23 	 2 	 20 	 78 	 189 
21/06/2019	 67 	 23 	 2 	 20 	 78 	 190 
24/06/2019	 67 	 23 	 2 	 20 	 78 	 190 
25/06/2019	 67 	 23 	 2 	 20 	 78 	 190 
26/06/2019	 67 	 23 	 2 	 20 	 78 	 191 
27/06/2019	 67 	 23 	 2 	 20 	 82 	 194 
28/06/2019	 68 	 23 	 2 	 20 	 83 	 196 
1/07/2019	 58 	 20 	 2 	 20 	 83 	 183 
2/07/2019	 58 	 20 	 2 	 20 	 85 	 185 
3/07/2019	 59 	 20 	 2 	 18 	 85 	 184 
4/07/2019	 59 	 20 	 2 	 16 	 87 	 183 
5/07/2019	 59 	 20 	 2 	 16 	 87 	 184 
8/07/2019	 60 	 20 	 2 	 16 	 88 	 186 
9/07/2019	 60 	 20 	 2 	 17 	 89 	 187 
10/07/2019	 60 	 20 	 2 	 14 	 63 	 160 
11/07/2019	 62 	 20 	 2 	 17 	 90 	 192 
12/07/2019	 63 	 20 	 2 	 17 	 91 	 194 
15/07/2019	 62 	 20 	 2 	 18 	 91 	 193 
16/07/2019	 62 	 20 	 2 	 18 	 91 	 193 
17/07/2019	 62 	 20 	 2 	 18 	 91 	 194 
18/07/2019	 63 	 21 	 2 	 18 	 91 	 195 
19/07/2019	 63 	 21 	 2 	 18 	 92 	 195 
22/07/2019	 63 	 21 	 2 	 19 	 92 	 196 
23/07/2019	 63 	 21 	 2 	 19 	 93 	 197 
24/07/2019	 64 	 21 	 2 	 19 	 93 	 198 
25/07/2019	 64 	 21 	 2 	 19 	 94 	 199 
26/07/2019	 65 	 21 	 2 	 19 	 94 	 200 
29/07/2019	 65 	 21 	 2 	 19 	 95 	 202 
30/07/2019	 66 	 21 	 2 	 19 	 95 	 203 
31/07/2019	 66 	 21 	 2 	 19 	 96 	 205 
1/08/2019	 67 	 21 	 2 	 20 	 96 	 206 
2/08/2019	 67 	 21 	 2 	 20 	 96 	 206 
5/08/2019	 67 	 21 	 2 	 20 	 97 	 207 
6/08/2019	 67 	 21 	 2 	 20 	 98 	 209 
7/08/2019	 68 	 21 	 2 	 20 	 98 	 210 
8/08/2019	 69 	 21 	 2 	 20 	 99 	 211 
9/08/2019	 70 	 21 	 2 	 21 	 99 	 213 
12/08/2019	 70 	 21 	 2 	 21 	 99 	 213 
13/08/2019	 70 	 21 	 2 	 21 	 99 	 214 
14/08/2019	 71 	 21 	 2 	 22 	 101 	 216 
15/08/2019	 71 	 22 	 2 	 22 	 102 	 219 
16/08/2019	 72 	 22 	 2 	 22 	 102 	 220 
19/08/2019	 72 	 22 	 2 	 23 	 104 	 223 
20/08/2019	 72 	 22 	 2 	 23 	 104 	 224 
21/08/2019	 73 	 22 	 2 	 23 	 105 	 225 
22/08/2019	 73 	 22 	 2 	 24 	 107 	 228 
23/08/2019	 74 	 22 	 2 	 24 	 107 	 229 
26/08/2019	 74 	 22 	 2 	 25 	 107 	 230 
27/08/2019	 74 	 22 	 2 	 25 	 108 	 231 
28/08/2019	 75 	 22 	 2 	 25 	 109 	 233 
29/08/2019	 75 	 22 	 2 	 25 	 110 	 235 
30/08/2019	 75 	 23 	 2 	 25 	 110 	 235 
2/09/2019	 75 	 23 	 2 	 25 	 111 	 236 
3/09/2019	 74 	 23 	 2 	 25 	 111 	 234 
4/09/2019	 74 	 23 	 2 	 25 	 112 	 236 
5/09/2019	 74 	 23 	 2 	 26 	 112 	 237 
6/09/2019	 74 	 23 	 2 	 26 	 113 	 239 
9/09/2019	 75 	 23 	 2 	 26 	 113 	 239 
10/09/2019	 75 	 23 	 2 	 27 	 114 	 241 
11/09/2019	 75 	 23 	 2 	 27 	 114 	 241 
12/09/2019	 76 	 23 	 2 	 27 	 114 	 242 
13/09/2019	 76 	 23 	 2 	 27 	 114 	 243 
16/09/2019	 77 	 23 	 2 	 27 	 115 	 244 
17/09/2019	 77 	 23 	 2 	 27 	 114 	 244 
18/09/2019	 77 	 23 	 2 	 27 	 115 	 245 
19/09/2019	 77 	 23 	 2 	 28 	 115 	 245 
20/09/2019	 78 	 23 	 2 	 28 	 115 	 246 
23/09/2019	 78 	 23 	 2 	 28 	 115 	 246 
24/09/2019	 78 	 23 	 2 	 28 	 116 	 247 
25/09/2019	 78 	 23 	 2 	 28 	 117 	 248 
26/09/2019	 78 	 24 	 2 	 28 	 119 	 251 
27/09/2019	 79 	 24 	 2 	 28 	 119 	 251 
30/09/2019	 79 	 24 	 2 	 28 	 120 	 252 
1/10/2019	 68 	 19 	 2 	 28 	 120 	 237 
2/10/2019	 69 	 19 	 2 	 28 	 120 	 238 
3/10/2019	 69 	 19 	 2 	 26 	 121 	 238 
4/10/2019	 69 	 19 	 2 	 22 	 122 	 234 
7/10/2019	 69 	 19 	 2 	 22 	 122 	 234 
8/10/2019	 70 	 19 	 2 	 22 	 121 	 234 
9/10/2019	 70 	 19 	 2 	 22 	 121 	 236 
10/10/2019	 71 	 20 	 2 	 22 	 122 	 237 
11/10/2019	 71 	 20 	 2 	 23 	 123 	 239 
14/10/2019	 71 	 20 	 2 	 23 	 124 	 240 
15/10/2019	 72 	 20 	 2 	 23 	 124 	 241 
16/10/2019	 72 	 20 	 2 	 23 	 125 	 242 
17/10/2019	 72 	 20 	 2 	 23 	 125 	 243 
18/10/2019	 73 	 20 	 2 	 23 	 126 	 245 
21/10/2019	 73 	 20 	 2 	 24 	 127 	 246 
22/10/2019	 75 	 20 	 2 	 24 	 127 	 248 
23/10/2019	 75 	 20 	 2 	 24 	 127 	 249 
24/10/2019	 76 	 21 	 2 	 24 	 128 	 250 
25/10/2019	 76 	 21 	 2 	 24 	 128 	 250 
28/10/2019	 76 	 21 	 2 	 24 	 128 	 251 
29/10/2019	 76 	 21 	 2 	 24 	 129 	 252 
30/10/2019	 76 	 21 	 2 	 24 	 129 	 252 
31/10/2019	 77 	 21 	 2 	 24 	 129 	 253 
1/11/2019	 77 	 21 	 2 	 24 	 129 	 254 
4/11/2019	 77 	 22 	 2 	 24 	 129 	 255 
5/11/2019	 78 	 22 	 2 	 24 	 129 	 255 
6/11/2019	 78 	 22 	 2 	 24 	 130 	 256 
7/11/2019	 77 	 22 	 2 	 25 	 130 	 257 
8/11/2019	 78 	 22 	 2 	 25 	 130 	 258 
11/11/2019	 78 	 22 	 2 	 25 	 131 	 258 
12/11/2019	 78 	 23 	 2 	 25 	 131 	 259 
13/11/2019	 78 	 23 	 2 	 25 	 130 	 258 
14/11/2019	 78 	 23 	 2 	 25 	 130 	 258 
15/11/2019	 78 	 23 	 2 	 25 	 129 	 258 
18/11/2019	 79 	 23 	 2 	 25 	 129 	 258 
19/11/2019	 83 	 23 	 2 	 25 	 108 	 242 
20/11/2019	 83 	 23 	 2 	 26 	 72 	 206 
21/11/2019	 82 	 23 	 2 	 26 	 74 	 207 
22/11/2019	 82 	 23 	 2 	 26 	 75 	 208 
25/11/2019	 82 	 23 	 2 	 26 	 75 	 208 
26/11/2019	 82 	 23 	 2 	 26 	 76 	 209 
27/11/2019	 82 	 23 	 2 	 26 	 77 	 211 
28/11/2019	 82 	 23 	 2 	 26 	 78 	 211 
29/11/2019	 82 	 23 	 2 	 26 	 78 	 212 
2/12/2019	 82 	 23 	 2 	 26 	 79 	 213 
3/12/2019	 82 	 24 	 2 	 26 	 80 	 214 
4/12/2019	 83 	 24 	 2 	 26 	 80 	 215 
5/12/2019	 83 	 24 	 2 	 26 	 81 	 216 
6/12/2019	 84 	 24 	 2 	 26 	 82 	 218 
9/12/2019	 84 	 24 	 2 	 26 	 82 	 218 
10/12/2019	 84 	 24 	 2 	 26 	 83 	 219 
11/12/2019	 84 	 24 	 2 	 26 	 84 	 221 
12/12/2019	 85 	 24 	 2 	 26 	 84 	 222 
13/12/2019	 85 	 24 	 2 	 27 	 86 	 223 
16/12/2019	 85 	 24 	 2 	 26 	 86 	 225 
17/12/2019	 86 	 25 	 2 	 27 	 87 	 226 
18/12/2019	 85 	 25 	 2 	 27 	 87 	 226 
19/12/2019	 85 	 25 	 2 	 27 	 89 	 228 
20/12/2019	 85 	 25 	 2 	 27 	 91 	 230 
23/12/2019	 85 	 25 	 2 	 27 	 91 	 230 
24/12/2019	 85 	 25 	 2 	 27 	 91 	 229 
27/12/2019	 85 	 25 	 2 	 27 	 91 	 229 
30/12/2019	 85 	 25 	 2 	 27 	 91 	 230 
31/12/2019	 85 	 25 	 2 	 27 	 91 	 230 
2/01/2020	 75 	 19 	 2 	 27 	 91 	 214 
3/01/2020	 75 	 19 	 2 	 27 	 92 	 215 
6/01/2020	 76 	 19 	 2 	 22 	 92 	 211 
7/01/2020	 76 	 19 	 2 	 15 	 92 	 204 
8/01/2020	 76 	 19 	 2 	 16 	 93 	 206 
9/01/2020	 76 	 19 	 2 	 16 	 94 	 208 
10/01/2020	 77 	 19 	 2 	 16 	 95 	 209 
13/01/2020	 77 	 19 	 2 	 16 	 95 	 210 
14/01/2020	 78 	 20 	 2 	 16 	 96 	 211 
15/01/2020	 78 	 20 	 2 	 16 	 98 	 214 
16/01/2020	 79 	 20 	 2 	 16 	 98 	 215 
17/01/2020	 79 	 20 	 2 	 16 	 98 	 216 
20/01/2020	 80 	 20 	 2 	 17 	 99 	 218 
21/01/2020	 81 	 20 	 2 	 17 	 99 	 219 
22/01/2020	 81 	 20 	 2 	 17 	 100 	 221 
23/01/2020	 82 	 20 	 2 	 17 	 100 	 222 
24/01/2020	 83 	 20 	 2 	 17 	 100 	 222 
28/01/2020	 83 	 21 	 2 	 17 	 100 	 223 
29/01/2020	 84 	 21 	 2 	 17 	 100 	 224 
30/01/2020	 84 	 21 	 2 	 17 	 101 	 225 
31/01/2020	 84 	 21 	 2 	 17 	 101 	 226 
3/02/2020	 84 	 21 	 2 	 17 	 102 	 227 
4/02/2020	 85 	 22 	 2 	 17 	 103 	 229 
5/02/2020	 86 	 22 	 2 	 17 	 105 	 232 
6/02/2020	 86 	 22 	 2 	 17 	 108 	 235 
7/02/2020	 87 	 22 	 2 	 18 	 110 	 239 
10/02/2020	 87 	 22 	 2 	 18 	 112 	 241 
11/02/2020	 87 	 22 	 2 	 19 	 113 	 243 
12/02/2020	 88 	 22 	 2 	 19 	 114 	 245 
13/02/2020	 88 	 22 	 2 	 19 	 115 	 246 
14/02/2020	 88 	 22 	 2 	 19 	 115 	 247 
17/02/2020	 89 	 22 	 2 	 19 	 115 	 248 
18/02/2020	 89 	 22 	 2 	 19 	 116 	 249 
19/02/2020	 90 	 22 	 2 	 20 	 116 	 250 
20/02/2020	 90 	 23 	 2 	 20 	 117 	 251 
21/02/2020	 91 	 23 	 2 	 20 	 117 	 252 
24/02/2020	 91 	 23 	 2 	 20 	 117 	 253 
25/02/2020	 91 	 23 	 2 	 21 	 117 	 254 
26/02/2020	 90 	 24 	 2 	 21 	 119 	 255 
27/02/2020	 91 	 24 	 2 	 21 	 119 	 257 
28/02/2020	 92 	 24 	 2 	 21 	 122 	 261 
2/03/2020	 93 	 23 	 2 	 21 	 122 	 262 
3/03/2020	 94 	 23 	 2 	 21 	 123 	 264 
4/03/2020	 94 	 23 	 2 	 21 	 127 	 268 
5/03/2020	 95 	 23 	 2 	 22 	 127 	 269 
6/03/2020	 95 	 23 	 2 	 22 	 128 	 270 
9/03/2020	 95 	 23 	 2 	 22 	 128 	 270 
10/03/2020	 96 	 23 	 2 	 22 	 128 	 271 
11/03/2020	 96 	 24 	 2 	 22 	 128 	 272 
12/03/2020	 96 	 24 	 2 	 23 	 128 	 273 
13/03/2020	 97 	 24 	 2 	 23 	 127 	 272 
16/03/2020	 97 	 24 	 2 	 23 	 127 	 273 
17/03/2020	 97 	 24 	 2 	 23 	 127 	 274 
18/03/2020	 97 	 24 	 2 	 23 	 127 	 274 
19/03/2020	 98 	 24 	 2 	 23 	 127 	 275 
20/03/2020	 98 	 24 	 2 	 23 	 127 	 275 
23/03/2020	 98 	 24 	 2 	 24 	 128 	 276 
24/03/2020	 99 	 24 	 2 	 24 	 129 	 278 
25/03/2020	 100 	 24 	 2 	 24 	 130 	 281 
26/03/2020	 100 	 24 	 2 	 25 	 131 	 282 
27/03/2020	 101 	 24 	 2 	 25 	 133 	 284 
30/03/2020	 101 	 24 	 2 	 25 	 136 	 288 
31/03/2020	 101 	 24 	 2 	 25 	 137 	 290 
1/04/2020	 88 	 16 	 1 	 25 	 138 	 270 
2/04/2020	 88 	 16 	 1 	 25 	 139 	 270 
3/04/2020	 88 	 16 	 1 	 21 	 139 	 265 
6/04/2020	 88 	 16 	 1 	 14 	 139 	 259 
7/04/2020	 89 	 16 	 1 	 14 	 139 	 259 
8/04/2020	 89 	 16 	 1 	 14 	 142 	 262 
9/04/2020	 89 	 16 	 1 	 14 	 145 	 266 
14/04/2020	 89 	 16 	 1 	 14 	 145 	 266 
15/04/2020	 89 	 16 	 1 	 14 	 145 	 266 
16/04/2020	 89 	 16 	 1 	 14 	 146 	 267 
17/04/2020	 89 	 17 	 1 	 14 	 147 	 269 
20/04/2020	 89 	 17 	 1 	 15 	 148 	 270 
21/04/2020	 89 	 17 	 1 	 14 	 148 	 270 
22/04/2020	 90 	 17 	 1 	 15 	 148 	 271 
23/04/2020	 90 	 17 	 1 	 15 	 149 	 272 
24/04/2020	 90 	 17 	 1 	 15 	 150 	 274 
27/04/2020	 90 	 17 	 1 	 15 	 150 	 274 
28/04/2020	 91 	 17 	 1 	 15 	 151 	 275 
29/04/2020	 91 	 17 	 1 	 15 	 151 	 276 
30/04/2020	 91 	 17 	 1 	 16 	 152 	 277 
1/05/2020	 92 	 17 	 1 	 16 	 153 	 278 
4/05/2020	 92 	 17 	 1 	 16 	 153 	 279 
5/05/2020	 92 	 17 	 1 	 16 	 153 	 279 
6/05/2020	 92 	 17 	 2 	 16 	 153 	 280 
7/05/2020	 92 	 17 	 2 	 16 	 154 	 281 
8/05/2020	 93 	 17 	 2 	 17 	 155 	 283 
11/05/2020	 93 	 17 	 2 	 17 	 156 	 285 
12/05/2020	 94 	 17 	 2 	 17 	 157 	 286 
13/05/2020	 93 	 17 	 2 	 17 	 158 	 287 
14/05/2020	 92 	 17 	 2 	 17 	 158 	 287 
15/05/2020	 93 	 17 	 2 	 17 	 158 	 287 
18/05/2020	 94 	 17 	 2 	 17 	 156 	 286 
19/05/2020	 95 	 17 	 2 	 17 	 142 	 274 
20/05/2020	 96 	 17 	 2 	 17 	 118 	 250 
21/05/2020	 96 	 18 	 2 	 18 	 119 	 252 
22/05/2020	 96 	 18 	 2 	 18 	 120 	 253 
25/05/2020	 96 	 18 	 2 	 19 	 121 	 256 
26/05/2020	 97 	 18 	 2 	 19 	 122 	 258 
27/05/2020	 97 	 18 	 2 	 20 	 124 	 260 
28/05/2020	 98 	 18 	 2 	 20 	 125 	 262 
29/05/2020	 97 	 18 	 2 	 20 	 126 	 263 
1/06/2020	 98 	 18 	 2 	 20 	 126 	 263 
2/06/2020	 98 	 18 	 2 	 20 	 127 	 265 
3/06/2020	 98 	 18 	 2 	 20 	 129 	 268 
4/06/2020	 98 	 18 	 2 	 21 	 129 	 268 
5/06/2020	 98 	 18 	 2 	 21 	 130 	 269 
9/06/2020	 98 	 18 	 2 	 21 	 130 	 270 
10/06/2020	 99 	 19 	 2 	 22 	 131 	 272 
11/06/2020	 99 	 19 	 2 	 22 	 131 	 273 
12/06/2020	 99 	 19 	 2 	 23 	 132 	 275 
15/06/2020	 99 	 19 	 2 	 23 	 132 	 275 
16/06/2020	 99 	 19 	 2 	 23 	 132 	 276 
17/06/2020	 100 	 19 	 2 	 24 	 132 	 276 
18/06/2020	 100 	 19 	 2 	 24 	 133 	 276 
19/06/2020	 100 	 19 	 2 	 24 	 134 	 278 
22/06/2020	 100 	 19 	 2 	 24 	 135 	 280 
23/06/2020	 100 	 19 	 2 	 24 	 136 	 281 
24/06/2020	 101 	 19 	 2 	 24 	 136 	 282 
25/06/2020	 101 	 19 	 2 	 24 	 139 	 285 
26/06/2020	 101 	 19 	 2 	 25 	 140 	 287 
29/06/2020	 102 	 19 	 2 	 25 	 140 	 287 
30/06/2020	 102 	 19 	 2 	 25 	 140 	 287 
1/07/2020	 90 	 15 	 2 	 25 	 142 	 272 
2/07/2020	 90 	 15 	 2 	 25 	 142 	 274 
3/07/2020	 90 	 15 	 2 	 22 	 143 	 272 
6/07/2020	 90 	 15 	 2 	 18 	 144 	 269 
7/07/2020	 91 	 15 	 2 	 19 	 145 	 272 
8/07/2020	 90 	 15 	 2 	 20 	 148 	 275 
9/07/2020	 91 	 15 	 2 	 20 	 149 	 277 
10/07/2020	 91 	 15 	 2 	 20 	 151 	 278 
13/07/2020	 92 	 15 	 2 	 20 	 151 	 280 
14/07/2020	 92 	 15 	 2 	 20 	 152 	 281 
15/07/2020	 93 	 15 	 2 	 20 	 153 	 282 
16/07/2020	 93 	 15 	 2 	 20 	 154 	 284 
17/07/2020	 93 	 15 	 2 	 20 	 157 	 287 
20/07/2020	 94 	 15 	 2 	 20 	 157 	 288 
21/07/2020	 94 	 15 	 2 	 21 	 158 	 290 
22/07/2020	 95 	 15 	 2 	 21 	 159 	 291 
23/07/2020	 95 	 15 	 2 	 21 	 161 	 293 
24/07/2020	 95 	 15 	 2 	 21 	 164 	 297 
27/07/2020	 95 	 15 	 2 	 21 	 164 	 297 
28/07/2020	 95 	 15 	 2 	 21 	 166 	 299 
29/07/2020	 96 	 15 	 2 	 21 	 168 	 302 
30/07/2020	 96 	 15 	 2 	 21 	 169 	 302 
31/07/2020	 96 	 15 	 2 	 21 	 169 	 304 
3/08/2020	 95 	 15 	 2 	 21 	 170 	 303 
4/08/2020	 95 	 15 	 2 	 21 	 170 	 303 
5/08/2020	 95 	 15 	 2 	 21 	 170 	 303 
6/08/2020	 95 	 15 	 2 	 21 	 171 	 305 
7/08/2020	 95 	 15 	 2 	 21 	 171 	 305 
10/08/2020	 96 	 15 	 2 	 21 	 172 	 306 
11/08/2020	 96 	 15 	 2 	 21 	 173 	 307 
12/08/2020	 96 	 15 	 2 	 21 	 173 	 307 
13/08/2020	 96 	 15 	 2 	 21 	 173 	 308 
14/08/2020	 96 	 15 	 2 	 22 	 177 	 311 
17/08/2020	 96 	 15 	 2 	 22 	 180 	 315 
18/08/2020	 97 	 16 	 2 	 22 	 183 	 319 
19/08/2020	 97 	 15 	 2 	 22 	 186 	 323 
20/08/2020	 97 	 15 	 2 	 22 	 189 	 325 
21/08/2020	 98 	 15 	 2 	 22 	 190 	 327 
24/08/2020	 98 	 16 	 2 	 22 	 191 	 329 
25/08/2020	 98 	 16 	 2 	 23 	 193 	 331 
26/08/2020	 99 	 16 	 2 	 23 	 194 	 333 
27/08/2020	 99 	 16 	 2 	 23 	 198 	 337 
28/08/2020	 99 	 16 	 2 	 23 	 202 	 341 
31/08/2020	 99 	 16 	 2 	 23 	 202 	 342 
1/09/2020	 99 	 16 	 2 	 23 	 204 	 344 
2/09/2020	 99 	 16 	 2 	 23 	 205 	 346 
3/09/2020	 100 	 16 	 2 	 23 	 206 	 346 
4/09/2020	 100 	 16 	 2 	 23 	 208 	 349 
7/09/2020	 100 	 16 	 2 	 23 	 206 	 348 
8/09/2020	 100 	 16 	 2 	 23 	 206 	 348 
9/09/2020	 101 	 16 	 2 	 24 	 207 	 350 
10/09/2020	 101 	 16 	 2 	 24 	 208 	 352 
11/09/2020	 102 	 16 	 2 	 25 	 209 	 354 
14/09/2020	 101 	 17 	 2 	 27 	 210 	 356 
15/09/2020	 101 	 17 	 2 	 27 	 210 	 356 
16/09/2020	 102 	 17 	 2 	 27 	 212 	 359 
17/09/2020	 102 	 17 	 2 	 27 	 213 	 361 
18/09/2020	 102 	 17 	 2 	 27 	 214 	 362 
21/09/2020	 102 	 17 	 2 	 27 	 215 	 363 
22/09/2020	 103 	 17 	 2 	 27 	 217 	 365 
23/09/2020	 103 	 17 	 2 	 27 	 216 	 365 
24/09/2020	 103 	 17 	 2 	 27 	 218 	 367 
25/09/2020	 103 	 17 	 2 	 28 	 218 	 368 
28/09/2020	 103 	 17 	 2 	 28 	 217 	 367 
29/09/2020	 103 	 17 	 2 	 28 	 220 	 369 
30/09/2020	 104 	 17 	 2 	 28 	 220 	 371 
1/10/2020	 89 	 13 	 1 	 28 	 220 	 352 
2/10/2020	 89 	 13 	 1 	 28 	 221 	 353 
5/10/2020	 90 	 13 	 1 	 26 	 221 	 352 
6/10/2020	 90 	 13 	 1 	 19 	 223 	 347 
7/10/2020	 91 	 13 	 1 	 19 	 224 	 348 
8/10/2020	 91 	 13 	 1 	 20 	 227 	 352 
9/10/2020	 91 	 13 	 1 	 20 	 227 	 352 
12/10/2020	 91 	 13 	 1 	 21 	 228 	 354 
13/10/2020	 92 	 14 	 1 	 21 	 228 	 355 
14/10/2020	 93 	 14 	 1 	 21 	 230 	 359 
15/10/2020	 93 	 14 	 1 	 21 	 231 	 360 
16/10/2020	 94 	 14 	 1 	 21 	 231 	 360 
19/10/2020	 94 	 14 	 1 	 21 	 231 	 361 
20/10/2020	 94 	 14 	 1 	 21 	 232 	 361 
21/10/2020	 94 	 14 	 1 	 21 	 232 	 362 
22/10/2020	 95 	 14 	 1 	 21 	 233 	 365 
23/10/2020	 96 	 14 	 1 	 21 	 235 	 367 
26/10/2020	 97 	 14 	 1 	 21 	 236 	 369 
27/10/2020	 97 	 14 	 1 	 21 	 235 	 369 
28/10/2020	 97 	 14 	 1 	 21 	 236 	 370 
29/10/2020	 99 	 14 	 1 	 21 	 238 	 374 
30/10/2020	 100 	 15 	 1 	 22 	 238 	 375 
2/11/2020	 100 	 15 	 1 	 22 	 238 	 376 
3/11/2020	 100 	 15 	 1 	 22 	 239 	 376 
4/11/2020	 100 	 14 	 1 	 22 	 240 	 378 
5/11/2020	 100 	 15 	 1 	 22 	 241 	 379 
6/11/2020	 102 	 15 	 1 	 22 	 242 	 381 
9/11/2020	 102 	 15 	 1 	 22 	 242 	 381 
10/11/2020	 102 	 15 	 1 	 22 	 245 	 385 
11/11/2020	 103 	 15 	 1 	 22 	 244 	 385 
12/11/2020	 103 	 15 	 1 	 22 	 247 	 388 
13/11/2020	 103 	 15 	 1 	 22 	 247 	 389 
16/11/2020	 104 	 15 	 1 	 22 	 248 	 390 
17/11/2020	 105 	 15 	 1 	 22 	 247 	 391 
18/11/2020	 106 	 15 	 1 	 23 	 248 	 393 
19/11/2020	 109 	 15 	 1 	 23 	 224 	 372 
20/11/2020	 108 	 15 	 1 	 23 	 171 	 319 
23/11/2020	 109 	 15 	 1 	 23 	 172 	 321 
24/11/2020	 109 	 16 	 1 	 23 	 172 	 321 
25/11/2020	 109 	 16 	 1 	 24 	 173 	 323 
26/11/2020	 109 	 16 	 1 	 25 	 175 	 325 
27/11/2020	 109 	 16 	 1 	 25 	 175 	 326 
30/11/2020	 109 	 16 	 1 	 26 	 175 	 327 
1/12/2020	 109 	 16 	 1 	 26 	 176 	 329 
2/12/2020	 110 	 16 	 1 	 26 	 177 	 330 
3/12/2020	 110 	 16 	 1 	 26 	 179 	 333 
4/12/2020	 111 	 16 	 1 	 26 	 181 	 336 
7/12/2020	 112 	 16 	 1 	 26 	 183 	 338 
8/12/2020	 112 	 16 	 1 	 26 	 183 	 339 
9/12/2020	 112 	 16 	 1 	 26 	 184 	 339 
10/12/2020	 112 	 16 	 1 	 26 	 186 	 342 
11/12/2020	 113 	 16 	 1 	 26 	 188 	 344 
14/12/2020	 113 	 16 	 1 	 26 	 188 	 345 
15/12/2020	 114 	 17 	 1 	 27 	 189 	 348 
16/12/2020	 115 	 17 	 1 	 27 	 193 	 353 
17/12/2020	 115 	 17 	 1 	 27 	 194 	 354 
18/12/2020	 115 	 17 	 1 	 27 	 194 	 354 
21/12/2020	 114 	 17 	 1 	 27 	 195 	 354 
22/12/2020	 113 	 17 	 1 	 27 	 196 	 354 
23/12/2020	 114 	 17 	 1 	 27 	 196 	 355 
24/12/2020	 114 	 17 	 1 	 27 	 197 	 355 
29/12/2020	 114 	 17 	 1 	 27 	 197 	 356 
30/12/2020	 114 	 17 	 1 	 27 	 197 	 356 
31/12/2020	 115 	 17 	 1 	 27 	 197 	 357 
4/01/2021	 99 	 12 	 1 	 27 	 197 	 336 
5/01/2021	 100 	 12 	 1 	 28 	 200 	 341 
6/01/2021	 101 	 12 	 1 	 23 	 204 	 340 
7/01/2021	 102 	 12 	 1 	 16 	 207 	 337 
8/01/2021	 102 	 12 	 1 	 16 	 208 	 339 
11/01/2021	 102 	 12 	 1 	 16 	 208 	 340 
12/01/2021	 103 	 12 	 1 	 17 	 210 	 343 
13/01/2021	 103 	 12 	 1 	 17 	 211 	 344 
14/01/2021	 103 	 12 	 1 	 17 	 211 	 344 
15/01/2021	 103 	 12 	 1 	 17 	 210 	 343 
18/01/2021	 103 	 12 	 1 	 17 	 212 	 346 
19/01/2021	 104 	 12 	 1 	 17 	 215 	 350 
20/01/2021	 105 	 12 	 1 	 17 	 216 	 351 
21/01/2021	 105 	 12 	 1 	 17 	 216 	 352 
22/01/2021	 104 	 12 	 1 	 17 	 216 	 351 
25/01/2021	 104 	 12 	 1 	 18 	 216 	 351 
27/01/2021	 105 	 12 	 1 	 18 	 218 	 353 
28/01/2021	 105 	 12 	 1 	 18 	 218 	 354 
29/01/2021	 105 	 13 	 1 	 19 	 220 	 357 
1/02/2021	 105 	 13 	 1 	 19 	 220 	 358 
2/02/2021	 106 	 13 	 1 	 19 	 223 	 361 
3/02/2021	 106 	 13 	 1 	 19 	 227 	 366 
4/02/2021	 107 	 13 	 1 	 19 	 232 	 372 
5/02/2021	 107 	 13 	 1 	 19 	 234 	 375 
8/02/2021	 107 	 13 	 1 	 20 	 236 	 377 
9/02/2021	 107 	 13 	 1 	 20 	 239 	 381 
10/02/2021	 108 	 13 	 1 	 21 	 240 	 383 
11/02/2021	 108 	 13 	 1 	 22 	 241 	 385 
12/02/2021	 108 	 13 	 1 	 22 	 242 	 386 
15/02/2021	 108 	 14 	 1 	 22 	 244 	 388 
16/02/2021	 109 	 14 	 1 	 22 	 246 	 391 
17/02/2021	 109 	 14 	 1 	 22 	 247 	 392 
18/02/2021	 109 	 14 	 1 	 22 	 250 	 396 
19/02/2021	 110 	 14 	 1 	 22 	 250 	 396 
22/02/2021	 109 	 14 	 1 	 22 	 250 	 395 
23/02/2021	 110 	 14 	 1 	 22 	 250 	 397 
24/02/2021	 110 	 14 	 1 	 22 	 251 	 398 
25/02/2021	 110 	 14 	 1 	 22 	 252 	 399 
26/02/2021	 110 	 14 	 1 	 22 	 250 	 398 
1/03/2021	 110 	 14 	 1 	 23 	 250 	 398 
2/03/2021	 105 	 14 	 1 	 23 	 250 	 393 
3/03/2021	 106 	 14 	 1 	 23 	 250 	 393 
4/03/2021	 106 	 14 	 1 	 23 	 252 	 396 
5/03/2021	 106 	 14 	 1 	 23 	 252 	 396 
8/03/2021	 106 	 14 	 1 	 24 	 253 	 397 
9/03/2021	 106 	 14 	 1 	 25 	 255 	 402 
10/03/2021	 107 	 14 	 1 	 26 	 255 	 403 
11/03/2021	 107 	 14 	 1 	 26 	 255 	 403 
12/03/2021	 107 	 14 	 1 	 26 	 255 	 403 
15/03/2021	 107 	 14 	 1 	 27 	 257 	 406 
16/03/2021	 106 	 14 	 1 	 27 	 260 	 408 
17/03/2021	 107 	 14 	 1 	 27 	 265 	 414 
18/03/2021	 107 	 15 	 1 	 27 	 266 	 415 
19/03/2021	 107 	 15 	 1 	 27 	 270 	 420 
22/03/2021	 107 	 15 	 1 	 27 	 272 	 422 
23/03/2021	 107 	 15 	 1 	 27 	 272 	 423 
24/03/2021	 107 	 16 	 1 	 27 	 272 	 423 
25/03/2021	 108 	 16 	 1 	 27 	 273 	 424 
26/03/2021	 108 	 16 	 1 	 27 	 275 	 426 
29/03/2021	 108 	 16 	 1 	 27 	 275 	 426 
30/03/2021	 108 	 16 	 1 	 27 	 275 	 427 
31/03/2021	 108 	 16 	 1 	 27 	 276 	 429 
1/04/2021	 93 	 8 	 1 	 27 	 277 	 405 
6/04/2021	 93 	 8 	 1 	 27 	 277 	 405 
7/04/2021	 93 	 8 	 1 	 24 	 277 	 402 
8/04/2021	 94 	 8 	 1 	 16 	 277 	 395 
9/04/2021	 94 	 8 	 1 	 16 	 277 	 396 
12/04/2021	 94 	 9 	 1 	 16 	 277 	 397 
13/04/2021	 94 	 9 	 1 	 17 	 277 	 398 
14/04/2021	 95 	 9 	 1 	 17 	 278 	 400 
15/04/2021	 95 	 9 	 1 	 17 	 278 	 400 
16/04/2021	 95 	 9 	 1 	 17 	 279 	 402 
19/04/2021	 95 	 10 	 1 	 17 	 278 	 401 
20/04/2021	 96 	 10 	 1 	 17 	 278 	 402 
21/04/2021	 96 	 10 	 1 	 18 	 279 	 403 
22/04/2021	 96 	 10 	 1 	 18 	 280 	 405 
23/04/2021	 96 	 11 	 1 	 18 	 280 	 406 
26/04/2021	 97 	 11 	 1 	 18 	 280 	 406 
27/04/2021	 97 	 11 	 1 	 18 	 280 	 408 
28/04/2021	 98 	 12 	 1 	 19 	 282 	 411 
29/04/2021	 98 	 13 	 1 	 19 	 282 	 412 
30/04/2021	 98 	 13 	 1 	 19 	 282 	 412 
3/05/2021	 99 	 13 	 1 	 19 	 281 	 414 
4/05/2021	 100 	 13 	 1 	 20 	 282 	 416 
5/05/2021	 100 	 13 	 1 	 20 	 281 	 415 
6/05/2021	 100 	 13 	 1 	 20 	 281 	 416 
7/05/2021	 102 	 13 	 1 	 20 	 282 	 419 
10/05/2021	 103 	 13 	 1 	 20 	 284 	 421 
11/05/2021	 104 	 15 	 1 	 20 	 287 	 426 
12/05/2021	 104 	 15 	 1 	 20 	 292 	 433 
13/05/2021	 104 	 16 	 1 	 21 	 294 	 436 
14/05/2021	 104 	 16 	 1 	 21 	 298 	 440 
17/05/2021	 104 	 17 	 1 	 21 	 299 	 441 
18/05/2021	 104 	 17 	 1 	 21 	 297 	 440 
19/05/2021	 107 	 17 	 1 	 21 	 270 	 415 
20/05/2021	 107 	 17 	 1 	 21 	 238 	 384 
21/05/2021	 107 	 18 	 1 	 21 	 238 	 385 
24/05/2021	 107 	 18 	 1 	 22 	 238 	 386 
25/05/2021	 108 	 18 	 1 	 22 	 238 	 386 
26/05/2021	 108 	 18 	 1 	 22 	 239 	 388 
27/05/2021	 108 	 18 	 1 	 22 	 239 	 389 
28/05/2021	 108 	 18 	 1 	 22 	 240 	 390 
31/05/2021	 109 	 19 	 1 	 23 	 240 	 391 
1/06/2021	 108 	 19 	 1 	 23 	 241 	 392 
2/06/2021	 109 	 19 	 1 	 24 	 242 	 394 
3/06/2021	 108 	 19 	 1 	 24 	 242 	 395 
4/06/2021	 109 	 21 	 1 	 25 	 243 	 398 
7/06/2021	 110 	 21 	 1 	 25 	 244 	 400 
8/06/2021	 110 	 21 	 1 	 25 	 244 	 401 
9/06/2021	 111 	 21 	 1 	 25 	 245 	 402 
10/06/2021	 111 	 22 	 1 	 25 	 246 	 404 
11/06/2021	 111 	 23 	 1 	 25 	 248 	 408 
15/06/2021	 112 	 23 	 1 	 28 	 250 	 414 
16/06/2021	 113 	 23 	 1 	 29 	 253 	 419 
17/06/2021	 113 	 24 	 1 	 30 	 254 	 421 
18/06/2021	 113 	 24 	 1 	 31 	 255 	 424 
21/06/2021	 113 	 24 	 1 	 31 	 255 	 424 
22/06/2021	 114 	 24 	 1 	 31 	 257 	 427 
23/06/2021	 114 	 25 	 1 	 31 	 257 	 428 
24/06/2021	 115 	 25 	 1 	 31 	 259 	 430 
25/06/2021	 115 	 25 	 1 	 31 	 259 	 431 
28/06/2021	 115 	 25 	 1 	 31 	 260 	 432 
29/06/2021	 115 	 25 	 1 	 31 	 262 	 435 
30/06/2021	 116 	 26 	 1 	 31 	 263 	 437 
1/07/2021	 103 	 21 	 1 	 32 	 264 	 420 
2/07/2021	 103 	 21 	 1 	 32 	 267 	 424 
5/07/2021	 104 	 21 	 1 	 27 	 268 	 422 
6/07/2021	 104 	 22 	 1 	 25 	 272 	 423 
7/07/2021	 105 	 22 	 1 	 25 	 277 	 429 
8/07/2021	 104 	 22 	 1 	 26 	 277 	 430 
9/07/2021	 105 	 22 	 1 	 26 	 279 	 433 
12/07/2021	 105 	 22 	 1 	 26 	 280 	 433 
13/07/2021	 106 	 22 	 1 	 26 	 283 	 437 
14/07/2021	 108 	 22 	 1 	 26 	 288 	 444 
15/07/2021	 107 	 22 	 1 	 26 	 288 	 444 
16/07/2021	 108 	 22 	 1 	 26 	 289 	 446 
19/07/2021	 109 	 22 	 1 	 26 	 290 	 447 
20/07/2021	 109 	 22 	 1 	 26 	 290 	 448 
21/07/2021	 109 	 23 	 1 	 26 	 290 	 449 
22/07/2021	 110 	 23 	 1 	 26 	 290 	 450 
23/07/2021	 111 	 23 	 1 	 27 	 291 	 452 
26/07/2021	 111 	 23 	 1 	 27 	 291 	 452 
27/07/2021	 111 	 23 	 1 	 27 	 291 	 453 
28/07/2021	 112 	 23 	 1 	 27 	 291 	 454 
29/07/2021	 113 	 23 	 1 	 27 	 292 	 455 
30/07/2021	 113 	 23 	 1 	 27 	 294 	 458 
2/08/2021	 114 	 23 	 1 	 27 	 293 	 457 
3/08/2021	 114 	 23 	 1 	 27 	 293 	 458 
4/08/2021	 114 	 24 	 1 	 28 	 295 	 462 
5/08/2021	 114 	 24 	 1 	 28 	 296 	 462 
6/08/2021	 115 	 24 	 1 	 28 	 296 	 464 
9/08/2021	 115 	 24 	 1 	 28 	 296 	 464 
10/08/2021	 115 	 24 	 1 	 28 	 296 	 465 
11/08/2021	 115 	 24 	 1 	 28 	 296 	 465 
12/08/2021	 116 	 24 	 1 	 29 	 297 	 467 
13/08/2021	 116 	 25 	 1 	 30 	 298 	 470 
16/08/2021	 116 	 25 	 1 	 30 	 298 	 470 
17/08/2021	 116 	 25 	 1 	 30 	 299 	 471 
18/08/2021	 117 	 25 	 1 	 31 	 299 	 472 
19/08/2021	 117 	 25 	 1 	 32 	 299 	 473 
20/08/2021	 117 	 25 	 1 	 32 	 302 	 477 
23/08/2021	 117 	 25 	 1 	 32 	 302 	 478 
24/08/2021	 117 	 25 	 1 	 34 	 303 	 480 
25/08/2021	 118 	 26 	 1 	 34 	 305 	 484 
26/08/2021	 118 	 26 	 1 	 34 	 305 	 485 
27/08/2021	 119 	 26 	 1 	 34 	 306 	 485 
30/08/2021	 119 	 26 	 1 	 34 	 306 	 486 
31/08/2021	 119 	 26 	 1 	 35 	 306 	 487 
1/09/2021	 119 	 26 	 1 	 35 	 308 	 489 
2/09/2021	 119 	 26 	 1 	 35 	 308 	 489 
3/09/2021	 119 	 27 	 1 	 35 	 308 	 490 
6/09/2021	 119 	 27 	 1 	 35 	 308 	 490 
7/09/2021	 119 	 27 	 1 	 35 	 310 	 492 
8/09/2021	 119 	 27 	 1 	 35 	 310 	 492 
9/09/2021	 120 	 28 	 1 	 35 	 310 	 493 
10/09/2021	 120 	 28 	 1 	 35 	 310 	 494 
13/09/2021	 120 	 28 	 1 	 35 	 310 	 495 
14/09/2021	 120 	 28 	 1 	 35 	 310 	 495 
15/09/2021	 121 	 28 	 1 	 36 	 310 	 495 
16/09/2021	 121 	 28 	 1 	 36 	 310 	 496 
17/09/2021	 121 	 28 	 1 	 36 	 311 	 497 
20/09/2021	 121 	 28 	 1 	 36 	 311 	 497 
21/09/2021	 121 	 28 	 1 	 36 	 311 	 497 
22/09/2021	 122 	 28 	 1 	 36 	 312 	 498 
23/09/2021	 122 	 28 	 1 	 36 	 312 	 499 
24/09/2021	 122 	 29 	 1 	 36 	 312 	 499 
27/09/2021	 123 	 29 	 1 	 36 	 312 	 500 
28/09/2021	 123 	 29 	 1 	 36 	 312 	 500 
29/09/2021	 123 	 29 	 1 	 36 	 313 	 502 
30/09/2021	 123 	 29 	 1 	 36 	 314 	 503 
1/10/2021	 110 	 23 	 1 	 36 	 315 	 486 
4/10/2021	 110 	 23 	 1 	 36 	 315 	 486 
5/10/2021	 110 	 24 	 1 	 29 	 316 	 479 
6/10/2021	 110 	 24 	 1 	 25 	 316 	 476 
7/10/2021	 111 	 24 	 1 	 25 	 317 	 477 
8/10/2021	 110 	 24 	 1 	 25 	 317 	 478 
11/10/2021	 110 	 24 	 1 	 25 	 318 	 478 
12/10/2021	 111 	 24 	 1 	 25 	 317 	 478 
13/10/2021	 111 	 25 	 1 	 25 	 319 	 481 
14/10/2021	 111 	 25 	 1 	 25 	 321 	 483 
15/10/2021	 111 	 25 	 1 	 25 	 321 	 484 
18/10/2021	 111 	 25 	 1 	 25 	 321 	 484 
19/10/2021	 111 	 25 	 1 	 25 	 321 	 484 
20/10/2021	 112 	 25 	 1 	 26 	 321 	 485 
21/10/2021	 112 	 25 	 1 	 26 	 323 	 487 
22/10/2021	 113 	 25 	 1 	 26 	 327 	 492 
25/10/2021	 113 	 26 	 1 	 26 	 328 	 493 
26/10/2021	 113 	 27 	 1 	 26 	 330 	 496 
27/10/2021	 113 	 27 	 1 	 26 	 331 	 497 
28/10/2021	 113 	 27 	 1 	 26 	 332 	 499 
29/10/2021	 113 	 27 	 1 	 26 	 333 	 500 
1/11/2021	 113 	 27 	 1 	 26 	 334 	 501 
2/11/2021	 114 	 27 	 1 	 26 	 334 	 501 
3/11/2021	 114 	 28 	 1 	 26 	 335 	 504 
4/11/2021	 114 	 28 	 1 	 26 	 337 	 507 
5/11/2021	 115 	 28 	 1 	 26 	 339 	 510 
8/11/2021	 115 	 28 	 1 	 26 	 342 	 512 
9/11/2021	 115 	 30 	 1 	 27 	 344 	 516 
10/11/2021	 116 	 30 	 1 	 27 	 344 	 518 
11/11/2021	 116 	 31 	 1 	 27 	 345 	 519 
12/11/2021	 116 	 31 	 1 	 27 	 345 	 519 
15/11/2021	 116 	 32 	 1 	 27 	 345 	 520 
16/11/2021	 117 	 33 	 1 	 27 	 344 	 521 
17/11/2021	 117 	 33 	 1 	 27 	 346 	 524 
18/11/2021	 120 	 33 	 1 	 27 	 346 	 526 
19/11/2021	 123 	 33 	 1 	 27 	 314 	 498 
22/11/2021	 120 	 33 	 1 	 27 	 278 	 459 
23/11/2021	 121 	 33 	 1 	 27 	 280 	 462 
24/11/2021	 121 	 33 	 1 	 28 	 283 	 466 
25/11/2021	 122 	 33 	 1 	 28 	 286 	 470 
26/11/2021	 122 	 33 	 1 	 28 	 286 	 470 
29/11/2021	 123 	 33 	 1 	 29 	 292 	 478 
30/11/2021	 124 	 33 	 1 	 29 	 293 	 480 
1/12/2021	 124 	 34 	 1 	 29 	 294 	 482 
2/12/2021	 125 	 33 	 1 	 29 	 295 	 484 
3/12/2021	 125 	 34 	 1 	 29 	 297 	 485 
6/12/2021	 125 	 34 	 1 	 29 	 298 	 487 
7/12/2021	 126 	 34 	 1 	 29 	 300 	 489 
8/12/2021	 126 	 34 	 1 	 29 	 300 	 490 
9/12/2021	 127 	 34 	 1 	 29 	 300 	 491 
10/12/2021	 127 	 34 	 1 	 30 	 300 	 492 
13/12/2021	 127 	 34 	 1 	 30 	 300 	 492 
14/12/2021	 127 	 35 	 1 	 30 	 301 	 494 
15/12/2021	 127 	 35 	 1 	 30 	 304 	 498 
16/12/2021	 128 	 35 	 1 	 30 	 306 	 500 
17/12/2021	 128 	 35 	 1 	 30 	 308 	 502 
20/12/2021	 128 	 35 	 1 	 31 	 309 	 504 
21/12/2021	 129 	 36 	 1 	 31 	 309 	 506 
22/12/2021	 129 	 36 	 1 	 31 	 309 	 506 
23/12/2021	 129 	 36 	 1 	 32 	 312 	 510 
24/12/2021	 130 	 36 	 1 	 32 	 314 	 513 
29/12/2021	 130 	 36 	 1 	 32 	 314 	 513 
30/12/2021	 130 	 36 	 1 	 32 	 315 	 514 
31/12/2021	 130 	 36 	 1 	 32 	 316 	 515 
4/01/2022	 114 	 32 	 1 	 32 	 316 	 495 
5/01/2022	 115 	 32 	 1 	 32 	 317 	 497 
6/01/2022	 116 	 32 	 1 	 27 	 320 	 495 
7/01/2022	 116 	 32 	 1 	 18 	 323 	 489 
10/01/2022	 117 	 32 	 1 	 18 	 325 	 493 
11/01/2022	 118 	 33 	 1 	 18 	 326 	 495 
12/01/2022	 119 	 33 	 1 	 18 	 326 	 496 
13/01/2022	 119 	 33 	 1 	 18 	 327 	 498 
14/01/2022	 119 	 33 	 1 	 19 	 328 	 500 
17/01/2022	 119 	 33 	 1 	 19 	 328 	 500 
18/01/2022	 119 	 33 	 1 	 19 	 329 	 501 
19/01/2022	 119 	 33 	 1 	 19 	 330 	 504 
20/01/2022	 120 	 33 	 1 	 19 	 336 	 509 
21/01/2022	 121 	 34 	 1 	 20 	 337 	 512 
24/01/2022	 121 	 34 	 1 	 20 	 338 	 513 
25/01/2022	 121 	 34 	 1 	 20 	 339 	 515 
27/01/2022	 122 	 34 	 1 	 21 	 340 	 517 
28/01/2022	 122 	 34 	 1 	 21 	 341 	 518 
31/01/2022	 122 	 34 	 1 	 21 	 341 	 519 
1/02/2022	 122 	 34 	 1 	 21 	 342 	 520 
2/02/2022	 123 	 34 	 1 	 21 	 347 	 526 
3/02/2022	 123 	 34 	 1 	 21 	 354 	 534 
4/02/2022	 124 	 34 	 1 	 21 	 356 	 536 
7/02/2022	 124 	 34 	 1 	 22 	 356 	 538 
8/02/2022	 124 	 34 	 1 	 22 	 359 	 541 
9/02/2022	 124 	 35 	 1 	 22 	 359 	 541 
10/02/2022	 124 	 35 	 1 	 23 	 360 	 543 
11/02/2022	 125 	 35 	 1 	 23 	 361 	 545 
14/02/2022	 125 	 35 	 1 	 23 	 362 	 545 
15/02/2022	 125 	 35 	 1 	 23 	 363 	 547 
16/02/2022	 125 	 35 	 1 	 23 	 364 	 549 
17/02/2022	 126 	 35 	 1 	 23 	 366 	 551 
18/02/2022	 126 	 35 	 1 	 23 	 369 	 555 
21/02/2022	 127 	 35 	 1 	 23 	 371 	 558 
22/02/2022	 128 	 36 	 1 	 23 	 373 	 562 
23/02/2022	 128 	 36 	 1 	 23 	 375 	 564 
24/02/2022	 129 	 36 	 1 	 24 	 377 	 566 
25/02/2022	 130 	 36 	 1 	 24 	 378 	 569 
28/02/2022	 130 	 36 	 1 	 25 	 378 	 570 
1/03/2022	 130 	 37 	 1 	 25 	 381 	 573 
2/03/2022	 132 	 37 	 1 	 25 	 385 	 580 
3/03/2022	 132 	 37 	 1 	 25 	 391 	 586 
4/03/2022	 132 	 37 	 1 	 26 	 393 	 589 
7/03/2022	 133 	 37 	 1 	 26 	 394 	 590 
8/03/2022	 133 	 37 	 1 	 26 	 396 	 593 
9/03/2022	 134 	 37 	 1 	 26 	 401 	 600 
10/03/2022	 134 	 37 	 1 	 26 	 402 	 601 
11/03/2022	 135 	 37 	 1 	 27 	 407 	 607 
14/03/2022	 135 	 38 	 1 	 27 	 408 	 609 
15/03/2022	 136 	 37 	 1 	 27 	 412 	 613 
16/03/2022	 137 	 37 	 1 	 27 	 415 	 616 
17/03/2022	 137 	 37 	 1 	 27 	 415 	 617 
18/03/2022	 137 	 37 	 1 	 27 	 418 	 621 
21/03/2022	 137 	 37 	 1 	 27 	 420 	 623 
22/03/2022	 138 	 38 	 1 	 27 	 425 	 629 
23/03/2022	 139 	 38 	 1 	 28 	 426 	 632 
24/03/2022	 141 	 38 	 1 	 28 	 429 	 637 
25/03/2022	 141 	 38 	 1 	 29 	 432 	 640 
28/03/2022	 142 	 38 	 1 	 28 	 435 	 644 
29/03/2022	 143 	 38 	 1 	 29 	 439 	 649 
30/03/2022	 143 	 38 	 1 	 29 	 441 	 650 
31/03/2022	 143 	 38 	 1 	 29 	 443 	 654 
1/04/2022	 127 	 31 	 1 	 29 	 447 	 635 
4/04/2022	 127 	 31 	 1 	 30 	 452 	 641 
5/04/2022	 128 	 31 	 1 	 24 	 453 	 637 
6/04/2022	 128 	 31 	 1 	 19 	 454 	 633 
7/04/2022	 128 	 31 	 1 	 19 	 454 	 633 
8/04/2022	 128 	 31 	 1 	 19 	 454 	 633 
11/04/2022	 128 	 31 	 1 	 19 	 457 	 635 
12/04/2022	 128 	 31 	 1 	 19 	 457 	 636 
13/04/2022	 127 	 31 	 1 	 19 	 460 	 637 
14/04/2022	 127 	 31 	 1 	 19 	 460 	 638 
19/04/2022	 127 	 31 	 1 	 19 	 460 	 638 
20/04/2022	 127 	 31 	 1 	 19 	 461 	 640 
21/04/2022	 128 	 31 	 1 	 19 	 462 	 641 
22/04/2022	 128 	 31 	 1 	 19 	 463 	 642 
26/04/2022	 128 	 31 	 1 	 19 	 464 	 643 
27/04/2022	 129 	 32 	 1 	 20 	 465 	 646 
28/04/2022	 129 	 31 	 1 	 20 	 466 	 647 
29/04/2022	 130 	 32 	 1 	 20 	 470 	 652 
2/05/2022	 129 	 31 	 1 	 20 	 470 	 652 
3/05/2022	 130 	 32 	 1 	 20 	 470 	 652 
4/05/2022	 130 	 32 	 1 	 21 	 471 	 655 
5/05/2022	 130 	 32 	 1 	 21 	 472 	 655 
6/05/2022	 131 	 32 	 1 	 21 	 476 	 660 
9/05/2022	 131 	 32 	 1 	 21 	 477 	 661 
10/05/2022	 131 	 32 	 1 	 21 	 478 	 663 
11/05/2022	 132 	 32 	 1 	 21 	 478 	 664 
12/05/2022	 133 	 32 	 1 	 21 	 479 	 665 
13/05/2022	 135 	 32 	 1 	 21 	 473 	 663 
16/05/2022	 136 	 32 	 1 	 21 	 470 	 661 
17/05/2022	 139 	 33 	 1 	 22 	 469 	 664 
18/05/2022	 139 	 33 	 1 	 22 	 472 	 666 
19/05/2022	 141 	 33 	 1 	 22 	 430 	 626 
20/05/2022	 141 	 33 	 1 	 23 	 397 	 595 
23/05/2022	 142 	 33 	 1 	 23 	 403 	 602 
24/05/2022	 142 	 33 	 1 	 23 	 402 	 601 
25/05/2022	 143 	 34 	 1 	 23 	 405 	 606 
26/05/2022	 142 	 34 	 1 	 23 	 405 	 606 
27/05/2022	 143 	 34 	 1 	 24 	 410 	 611 
30/05/2022	 143 	 34 	 1 	 24 	 414 	 615 
31/05/2022	 144 	 34 	 1 	 24 	 415 	 618 
1/06/2022	 143 	 34 	 1 	 24 	 417 	 618 
2/06/2022	 142 	 34 	 1 	 24 	 417 	 618 
3/06/2022	 143 	 34 	 1 	 24 	 417 	 618 
6/06/2022	 143 	 34 	 1 	 24 	 418 	 619 
7/06/2022	 143 	 34 	 1 	 24 	 418 	 620 
8/06/2022	 143 	 34 	 1 	 24 	 430 	 632 
9/06/2022	 143 	 34 	 1 	 24 	 431 	 634 
10/06/2022	 143 	 34 	 1 	 24 	 433 	 636 
14/06/2022	 146 	 34 	 1 	 24 	 436 	 641 
15/06/2022	 146 	 34 	 1 	 24 	 438 	 643 
16/06/2022	 146 	 34 	 1 	 24 	 439 	 644 
17/06/2022	 146 	 34 	 1 	 25 	 440 	 646 
20/06/2022	 146 	 34 	 1 	 25 	 440 	 646 
21/06/2022	 146 	 35 	 1 	 25 	 440 	 646 
22/06/2022	 147 	 35 	 1 	 25 	 440 	 647 
23/06/2022	 147 	 35 	 1 	 25 	 441 	 648 
24/06/2022	 147 	 35 	 1 	 25 	 442 	 649 
27/06/2022	 147 	 35 	 1 	 25 	 443 	 650 
28/06/2022	 147 	 35 	 1 	 25 	 443 	 650 
29/06/2022	 147 	 35 	 1 	 25 	 443 	 651 
30/06/2022	 146 	 35 	 1 	 26 	 443 	 651 
1/07/2022	 130 	 28 	 1 	 26 	 444 	 630 
4/07/2022	 130 	 29 	 1 	 26 	 446 	 631 
5/07/2022	 131 	 29 	 1 	 15 	 445 	 621 
6/07/2022	 131 	 29 	 1 	 9 	 446 	 615 
7/07/2022	 131 	 29 	 1 	 9 	 447 	 616 
8/07/2022	 131 	 29 	 1 	 9 	 447 	 616 
11/07/2022	 131 	 29 	 1 	 9 	 448 	 617 
12/07/2022	 131 	 29 	 1 	 9 	 448 	 618 
13/07/2022	 131 	 29 	 1 	 9 	 448 	 618 
14/07/2022	 131 	 29 	 1 	 9 	 449 	 619 
15/07/2022	 132 	 29 	 1 	 9 	 450 	 621 
18/07/2022	 132 	 29 	 1 	 9 	 451 	 622 
19/07/2022	 132 	 29 	 1 	 9 	 451 	 622 
20/07/2022	 132 	 29 	 1 	 9 	 451 	 623 
21/07/2022	 132 	 29 	 1 	 9 	 452 	 623 
22/07/2022	 132 	 29 	 1 	 9 	 452 	 623 
25/07/2022	 131 	 29 	 1 	 9 	 453 	 623 
26/07/2022	 132 	 29 	 1 	 9 	 455 	 626 
27/07/2022	 131 	 29 	 1 	 9 	 456 	 626 
28/07/2022	 132 	 29 	 1 	 10 	 457 	 627 
29/07/2022	 132 	 29 	 1 	 10 	 457 	 628 
1/08/2022	 132 	 29 	 1 	 10 	 457 	 629 
2/08/2022	 133 	 30 	 1 	 10 	 458 	 630 
3/08/2022	 133 	 30 	 1 	 10 	 460 	 633 
4/08/2022	 134 	 30 	 1 	 10 	 460 	 634 
5/08/2022	 134 	 30 	 1 	 10 	 462 	 637 
8/08/2022	 135 	 30 	 1 	 10 	 463 	 639 
9/08/2022	 135 	 30 	 1 	 11 	 464 	 641 
10/08/2022	 135 	 30 	 1 	 11 	 466 	 644 
11/08/2022	 136 	 30 	 1 	 12 	 466 	 644 
12/08/2022	 136 	 30 	 1 	 12 	 467 	 646 
15/08/2022	 136 	 30 	 1 	 12 	 467 	 646 
16/08/2022	 136 	 30 	 1 	 12 	 468 	 647 
17/08/2022	 137 	 30 	 1 	 12 	 469 	 648 
18/08/2022	 137 	 31 	 1 	 12 	 470 	 649 
19/08/2022	 137 	 30 	 1 	 12 	 471 	 650 
22/08/2022	 137 	 30 	 1 	 12 	 472 	 652 
23/08/2022	 137 	 31 	 1 	 12 	 473 	 653 
24/08/2022	 137 	 31 	 1 	 12 	 473 	 653 
25/08/2022	 137 	 31 	 1 	 12 	 476 	 657 
26/08/2022	 138 	 31 	 1 	 12 	 477 	 658 
29/08/2022	 138 	 31 	 1 	 12 	 478 	 660 
30/08/2022	 138 	 31 	 1 	 12 	 480 	 662 
31/08/2022	 139 	 31 	 1 	 12 	 482 	 664 
1/09/2022	 139 	 31 	 1 	 12 	 482 	 665 
2/09/2022	 139 	 31 	 1 	 12 	 484 	 666 
5/09/2022	 139 	 31 	 1 	 12 	 484 	 667 
6/09/2022	 139 	 31 	 1 	 12 	 485 	 668 
7/09/2022	 139 	 31 	 1 	 12 	 487 	 670 
8/09/2022	 139 	 31 	 1 	 12 	 490 	 673 
9/09/2022	 140 	 31 	 1 	 12 	 492 	 676 
12/09/2022	 141 	 31 	 1 	 12 	 497 	 682 
13/09/2022	 141 	 31 	 1 	 12 	 498 	 683 
14/09/2022	 142 	 31 	 1 	 12 	 497 	 683 
15/09/2022	 141 	 31 	 1 	 12 	 498 	 683 
16/09/2022	 142 	 32 	 1 	 12 	 500 	 687 
19/09/2022	 141 	 32 	 1 	 12 	 500 	 686 
20/09/2022	 143 	 32 	 1 	 12 	 504 	 692 
21/09/2022	 143 	 32 	 1 	 12 	 504 	 692 
23/09/2022	 143 	 32 	 1 	 12 	 506 	 694 
26/09/2022	 143 	 32 	 1 	 12 	 506 	 694 
27/09/2022	 144 	 32 	 1 	 12 	 508 	 697 
28/09/2022	 144 	 32 	 1 	 12 	 509 	 697 
29/09/2022	 144 	 32 	 1 	 12 	 511 	 700 
30/09/2022	 144 	 32 	 1 	 12 	 512 	 702 
3/10/2022	 127 	 26 	 0 	 12 	 512 	 679 
4/10/2022	 128 	 26 	 0 	 12 	 513 	 680 
5/10/2022	 129 	 26 	 0 	 9 	 519 	 683 
6/10/2022	 130 	 26 	 0 	 8 	 526 	 691 
7/10/2022	 130 	 26 	 0 	 8 	 527 	 692 
10/10/2022	 131 	 26 	 0 	 8 	 532 	 698 
11/10/2022	 133 	 27 	 0 	 9 	 532 	 700 
12/10/2022	 133 	 27 	 0 	 9 	 533 	 702 
13/10/2022	 133 	 27 	 0 	 9 	 534 	 702 
14/10/2022	 133 	 27 	 0 	 9 	 534 	 703 
17/10/2022	 134 	 27 	 0 	 9 	 534 	 704 
18/10/2022	 134 	 27 	 0 	 9 	 534 	 704 
19/10/2022	 133 	 27 	 0 	 9 	 527 	 696 
20/10/2022	 133 	 27 	 0 	 10 	 534 	 705 
21/10/2022	 134 	 27 	 0 	 10 	 535 	 706 
24/10/2022	 134 	 27 	 0 	 10 	 535 	 706 
25/10/2022	 135 	 27 	 0 	 10 	 535 	 707 
26/10/2022	 135 	 27 	 0 	 10 	 536 	 708 
27/10/2022	 135 	 27 	 0 	 10 	 536 	 709 
28/10/2022	 135 	 27 	 0 	 10 	 537 	 710 
31/10/2022	 136 	 27 	 0 	 10 	 537 	 711 
1/11/2022	 136 	 27 	 0 	 10 	 537 	 712 
2/11/2022	 137 	 27 	 0 	 12 	 536 	 712 
3/11/2022	 137 	 27 	 0 	 12 	 537 	 714 
4/11/2022	 137 	 27 	 0 	 12 	 538 	 715 
7/11/2022	 137 	 27 	 0 	 12 	 539 	 717 
8/11/2022	 137 	 27 	 0 	 12 	 540 	 717 
9/11/2022	 138 	 28 	 0 	 12 	 541 	 720 
10/11/2022	 139 	 28 	 0 	 12 	 543 	 722 
11/11/2022	 139 	 28 	 0 	 12 	 543 	 723 
14/11/2022	 139 	 28 	 0 	 13 	 544 	 725 
15/11/2022	 141 	 28 	 0 	 13 	 544 	 725 
16/11/2022	 142 	 28 	 0 	 13 	 544 	 727 
17/11/2022	 144 	 28 	 0 	 13 	 541 	 726 
18/11/2022	 143 	 28 	 0 	 13 	 539 	 724 
21/11/2022	 148 	 28 	 0 	 13 	 455 	 645 
22/11/2022	 148 	 28 	 0 	 13 	 376 	 566 
23/11/2022	 148 	 28 	 0 	 13 	 376 	 566 
24/11/2022	 148 	 28 	 0 	 13 	 376 	 566 
25/11/2022	 148 	 28 	 0 	 13 	 377 	 567 
28/11/2022	 148 	 28 	 0 	 13 	 377 	 568 
29/11/2022	 147 	 29 	 0 	 13 	 377 	 566 
30/11/2022	 147 	 29 	 0 	 13 	 377 	 567 
1/12/2022	 147 	 29 	 0 	 13 	 378 	 568 
2/12/2022	 147 	 29 	 0 	 13 	 378 	 568 
5/12/2022	 147 	 29 	 0 	 13 	 379 	 569 
6/12/2022	 147 	 29 	 0 	 13 	 379 	 569 
7/12/2022	 148 	 29 	 0 	 13 	 378 	 569 
8/12/2022	 148 	 29 	 0 	 13 	 378 	 570 
9/12/2022	 148 	 29 	 0 	 14 	 379 	 570 
12/12/2022	 148 	 29 	 0 	 14 	 382 	 573 
13/12/2022	 148 	 29 	 0 	 14 	 382 	 573 
14/12/2022	 148 	 29 	 0 	 14 	 384 	 575 
15/12/2022	 148 	 29 	 0 	 14 	 383 	 574 
16/12/2022	 147 	 29 	 0 	 14 	 383 	 574 
19/12/2022	 147 	 29 	 0 	 14 	 385 	 576 
20/12/2022	 147 	 29 	 0 	 14 	 386 	 577 
21/12/2022	 147 	 29 	 0 	 14 	 385 	 577 
22/12/2022	 148 	 29 	 0 	 14 	 385 	 576 
23/12/2022	 147 	 29 	 0 	 14 	 385 	 575 
28/12/2022	 147 	 30 	 0 	 14 	 385 	 576 
29/12/2022	 147 	 30 	 0 	 14 	 385 	 576 
30/12/2022	 147 	 30 	 0 	 14 	 385 	 576 
3/01/2023	 129 	 23 	 0 	 14 	 384 	 551 
4/01/2023	 129 	 24 	 0 	 14 	 387 	 554 
5/01/2023	 129 	 24 	 0 	 12 	 389 	 555 
6/01/2023	 130 	 24 	 0 	 9 	 391 	 553 
9/01/2023	 130 	 24 	 0 	 9 	 391 	 554 
10/01/2023	 131 	 24 	 0 	 9 	 392 	 556 
11/01/2023	 131 	 24 	 0 	 9 	 393 	 557 
12/01/2023	 132 	 24 	 0 	 9 	 395 	 561 
13/01/2023	 132 	 24 	 0 	 9 	 397 	 563 
16/01/2023	 132 	 24 	 0 	 9 	 397 	 562 
17/01/2023	 132 	 24 	 0 	 9 	 398 	 564 
18/01/2023	 131 	 24 	 0 	 9 	 402 	 566 
19/01/2023	 131 	 24 	 0 	 9 	 403 	 568 
20/01/2023	 131 	 24 	 0 	 9 	 403 	 568 
23/01/2023	 132 	 25 	 0 	 9 	 405 	 571 
24/01/2023	 132 	 25 	 0 	 9 	 409 	 576 
25/01/2023	 133 	 26 	 0 	 10 	 410 	 579 
27/01/2023	 133 	 26 	 0 	 11 	 411 	 581 
30/01/2023	 133 	 26 	 0 	 11 	 413 	 584 
31/01/2023	 134 	 26 	 0 	 12 	 418 	 590 
1/02/2023	 135 	 26 	 0 	 12 	 423 	 597 
2/02/2023	 136 	 26 	 0 	 12 	 424 	 598 
3/02/2023	 137 	 27 	 0 	 12 	 424 	 600 
6/02/2023	 137 	 27 	 0 	 12 	 425 	 601 
7/02/2023	 137 	 27 	 0 	 12 	 430 	 606 
8/02/2023	 137 	 27 	 0 	 12 	 430 	 606 
9/02/2023	 137 	 27 	 0 	 12 	 432 	 608 
10/02/2023	 137 	 27 	 0 	 12 	 432 	 608 
13/02/2023	 137 	 27 	 0 	 12 	 432 	 608 
14/02/2023	 137 	 27 	 0 	 12 	 432 	 609 
15/02/2023	 137 	 27 	 0 	 12 	 433 	 610 
16/02/2023	 138 	 27 	 0 	 12 	 434 	 612 
17/02/2023	 138 	 28 	 0 	 12 	 435 	 613 
20/02/2023	 137 	 28 	 0 	 12 	 435 	 612 
21/02/2023	 137 	 28 	 0 	 12 	 436 	 614 
22/02/2023	 137 	 29 	 0 	 12 	 437 	 615 
23/02/2023	 138 	 29 	 0 	 13 	 437 	 616 
24/02/2023	 139 	 29 	 0 	 13 	 437 	 619 
27/02/2023	 139 	 29 	 0 	 14 	 438 	 620 
28/02/2023	 139 	 29 	 0 	 15 	 439 	 623 
1/03/2023	 140 	 29 	 0 	 16 	 441 	 626 
2/03/2023	 140 	 30 	 0 	 16 	 444 	 630 
3/03/2023	 141 	 30 	 0 	 16 	 446 	 633 
6/03/2023	 141 	 30 	 0 	 16 	 446 	 633 
7/03/2023	 141 	 30 	 0 	 16 	 447 	 634 
8/03/2023	 142 	 30 	 0 	 16 	 448 	 636 
9/03/2023	 142 	 30 	 0 	 16 	 449 	 638 
10/03/2023	 143 	 30 	 0 	 16 	 451 	 640 
13/03/2023	 143 	 30 	 0 	 16 	 451 	 641 
14/03/2023	 143 	 30 	 0 	 16 	 453 	 643 
15/03/2023	 143 	 31 	 0 	 16 	 455 	 645 
16/03/2023	 143 	 31 	 0 	 17 	 456 	 647 
17/03/2023	 144 	 31 	 0 	 17 	 458 	 650 
20/03/2023	 142 	 31 	 0 	 17 	 456 	 646 
21/03/2023	 142 	 31 	 0 	 17 	 456 	 647 
22/03/2023	 142 	 31 	 0 	 18 	 457 	 649 
23/03/2023	 143 	 31 	 0 	 18 	 458 	 650 
24/03/2023	 143 	 31 	 0 	 18 	 458 	 650 
27/03/2023	 143 	 31 	 0 	 19 	 458 	 652 
28/03/2023	 143 	 32 	 0 	 20 	 458 	 654 
29/03/2023	 143 	 32 	 0 	 20 	 459 	 654 
30/03/2023	 143 	 32 	 0 	 21 	 459 	 656 
31/03/2023	 144 	 32 	 0 	 21 	 460 	 657 
3/04/2023	 123 	 26 	 0 	 22 	 461 	 633 
4/04/2023	 123 	 27 	 0 	 22 	 463 	 636 
5/04/2023	 123 	 27 	 0 	 18 	 465 	 634 
6/04/2023	 123 	 27 	 0 	 16 	 467 	 633 
11/04/2023	 123 	 27 	 0 	 16 	 467 	 633 
12/04/2023	 124 	 27 	 0 	 16 	 468 	 634 
13/04/2023	 124 	 27 	 0 	 16 	 476 	 643 
14/04/2023	 124 	 27 	 0 	 16 	 477 	 645 
17/04/2023	 124 	 27 	 0 	 16 	 478 	 645 
18/04/2023	 124 	 27 	 0 	 16 	 479 	 647 
19/04/2023	 123 	 27 	 0 	 16 	 478 	 645 
20/04/2023	 123 	 27 	 0 	 16 	 478 	 645 
21/04/2023	 123 	 27 	 0 	 16 	 478 	 645 
24/04/2023	 123 	 27 	 0 	 16 	 479 	 646 
26/04/2023	 123 	 27 	 0 	 16 	 480 	 647 
27/04/2023	 124 	 28 	 0 	 16 	 483 	 650 
28/04/2023	 124 	 28 	 0 	 16 	 484 	 651 
1/05/2023	 124 	 28 	 0 	 16 	 486 	 653 
2/05/2023	 124 	 28 	 0 	 16 	 487 	 655 
3/05/2023	 125 	 28 	 0 	 16 	 489 	 659 
4/05/2023	 125 	 28 	 0 	 16 	 490 	 660 
5/05/2023	 125 	 28 	 0 	 16 	 490 	 660 
8/05/2023	 126 	 28 	 0 	 16 	 491 	 662 
9/05/2023	 126 	 28 	 0 	 16 	 491 	 662 
10/05/2023	 126 	 28 	 0 	 16 	 492 	 662 
11/05/2023	 126 	 28 	 0 	 16 	 493 	 664 
12/05/2023	 127 	 28 	 0 	 17 	 494 	 666 
15/05/2023	 127 	 28 	 0 	 17 	 493 	 665 
16/05/2023	 128 	 28 	 0 	 17 	 490 	 664 
17/05/2023	 132 	 28 	 0 	 18 	 481 	 659 
18/05/2023	 137 	 29 	 0 	 19 	 473 	 658 
19/05/2023	 137 	 29 	 0 	 19 	 392 	 577 
22/05/2023	 134 	 29 	 0 	 19 	 297 	 478 
23/05/2023	 134 	 29 	 0 	 19 	 297 	 479 
24/05/2023	 134 	 29 	 0 	 20 	 297 	 480 
25/05/2023	 134 	 29 	 0 	 20 	 301 	 484 
26/05/2023	 134 	 29 	 0 	 20 	 302 	 485 
29/05/2023	 135 	 29 	 0 	 20 	 303 	 486 
30/05/2023	 135 	 29 	 0 	 20 	 304 	 488 
31/05/2023	 135 	 29 	 0 	 20 	 305 	 489 
1/06/2023	 135 	 29 	 0 	 20 	 307 	 492 
2/06/2023	 136 	 29 	 0 	 20 	 309 	 495 
5/06/2023	 136 	 29 	 0 	 20 	 309 	 494 
6/06/2023	 136 	 29 	 0 	 20 	 310 	 495 
7/06/2023	 136 	 29 	 0 	 20 	 312 	 497 
8/06/2023	 136 	 29 	 0 	 20 	 313 	 499 
9/06/2023	 136 	 29 	 0 	 20 	 313 	 499 
13/06/2023	 137 	 29 	 0 	 20 	 314 	 501 
14/06/2023	 137 	 29 	 0 	 21 	 314 	 501 
15/06/2023	 137 	 29 	 0 	 21 	 316 	 504 
16/06/2023	 137 	 29 	 0 	 21 	 318 	 506 
19/06/2023	 137 	 29 	 0 	 21 	 315 	 502 
20/06/2023	 135 	 29 	 0 	 21 	 315 	 501 
21/06/2023	 136 	 29 	 0 	 21 	 316 	 502 
22/06/2023	 136 	 29 	 0 	 21 	 318 	 505 
23/06/2023	 136 	 30 	 0 	 21 	 320 	 507 
26/06/2023	 136 	 30 	 0 	 22 	 320 	 507 
27/06/2023	 137 	 30 	 0 	 22 	 320 	 509 
28/06/2023	 137 	 30 	 0 	 23 	 321 	 511 
29/06/2023	 137 	 30 	 0 	 23 	 323 	 513 
30/06/2023	 137 	 30 	 0 	 23 	 324 	 514 
3/07/2023	 116 	 25 	 0 	 23 	 325 	 489 
4/07/2023	 116 	 25 	 0 	 23 	 325 	 490 
5/07/2023	 117 	 25 	 0 	 21 	 326 	 489 
6/07/2023	 117 	 26 	 0 	 17 	 327 	 486 
7/07/2023	 117 	 26 	 0 	 17 	 328 	 488 
10/07/2023	 118 	 26 	 0 	 17 	 328 	 489 
11/07/2023	 118 	 26 	 0 	 17 	 329 	 490 
12/07/2023	 118 	 26 	 0 	 17 	 331 	 493 
13/07/2023	 118 	 26 	 0 	 17 	 333 	 495 
14/07/2023	 118 	 26 	 0 	 17 	 333 	 495 
17/07/2023	 119 	 26 	 0 	 17 	 335 	 497 
18/07/2023	 119 	 27 	 0 	 17 	 338 	 501 
19/07/2023	 117 	 26 	 0 	 18 	 337 	 499 
20/07/2023	 118 	 27 	 0 	 18 	 337 	 499 
21/07/2023	 118 	 27 	 0 	 18 	 339 	 502 
24/07/2023	 118 	 27 	 0 	 18 	 341 	 505 
25/07/2023	 118 	 27 	 0 	 18 	 341 	 505 
26/07/2023	 118 	 28 	 0 	 18 	 343 	 507 
27/07/2023	 118 	 28 	 0 	 19 	 346 	 510 
28/07/2023	 118 	 28 	 0 	 19 	 348 	 513 
31/07/2023	 118 	 28 	 0 	 19 	 349 	 514 
1/08/2023	 118 	 28 	 0 	 19 	 350 	 514 
2/08/2023	 119 	 28 	 0 	 19 	 352 	 518 
3/08/2023	 119 	 28 	 0 	 19 	 352 	 519 
4/08/2023	 119 	 28 	 0 	 19 	 355 	 522 
7/08/2023	 119 	 29 	 0 	 19 	 356 	 523 
8/08/2023	 120 	 29 	 0 	 19 	 358 	 526 
9/08/2023	 120 	 29 	 0 	 19 	 359 	 528 
10/08/2023	 121 	 29 	 0 	 19 	 361 	 530 
11/08/2023	 121 	 29 	 0 	 19 	 363 	 532 
14/08/2023	 121 	 29 	 0 	 20 	 362 	 532 
15/08/2023	 121 	 29 	 0 	 20 	 362 	 532 
16/08/2023	 122 	 29 	 0 	 20 	 362 	 532 
17/08/2023	 122 	 29 	 0 	 20 	 362 	 533 
18/08/2023	 121 	 29 	 0 	 20 	 360 	 530 
21/08/2023	 121 	 29 	 0 	 20 	 360 	 530 
22/08/2023	 122 	 29 	 0 	 20 	 360 	 531 
23/08/2023	 122 	 29 	 0 	 20 	 364 	 536 
24/08/2023	 123 	 29 	 0 	 20 	 365 	 538 
25/08/2023	 123 	 30 	 0 	 20 	 366 	 539 
28/08/2023	 123 	 30 	 0 	 20 	 366 	 540 
29/08/2023	 123 	 30 	 0 	 20 	 368 	 541 
30/08/2023	 124 	 30 	 0 	 20 	 370 	 544 
31/08/2023	 124 	 30 	 0 	 21 	 373 	 547 
1/09/2023	 124 	 30 	 0 	 21 	 373 	 548 
4/09/2023	 124 	 30 	 0 	 21 	 374 	 550 
5/09/2023	 125 	 30 	 0 	 21 	 375 	 551 
6/09/2023	 125 	 31 	 0 	 21 	 378 	 555 
7/09/2023	 126 	 31 	 0 	 21 	 379 	 557 
8/09/2023	 126 	 31 	 0 	 21 	 380 	 558 
11/09/2023	 126 	 31 	 0 	 21 	 381 	 560 
12/09/2023	 127 	 31 	 0 	 21 	 382 	 562 
13/09/2023	 127 	 31 	 0 	 21 	 383 	 562 
14/09/2023	 127 	 31 	 0 	 21 	 383 	 562 
15/09/2023	 127 	 31 	 0 	 21 	 382 	 562 
18/09/2023	 127 	 31 	 0 	 21 	 382 	 562 
19/09/2023	 127 	 31 	 0 	 22 	 382 	 562 
20/09/2023	 127 	 31 	 0 	 22 	 382 	 563 
21/09/2023	 127 	 31 	 0 	 22 	 384 	 565 
22/09/2023	 128 	 31 	 0 	 22 	 386 	 567 
25/09/2023	 128 	 31 	 0 	 22 	 386 	 567 
26/09/2023	 128 	 31 	 0 	 22 	 386 	 568 
27/09/2023	 128 	 31 	 0 	 23 	 386 	 569 
28/09/2023	 129 	 32 	 0 	 23 	 386 	 569 
29/09/2023	 129 	 32 	 0 	 23 	 386 	 570 
2/10/2023	 109 	 27 	 0 	 23 	 386 	 545 
3/10/2023	 109 	 27 	 0 	 23 	 386 	 546 
4/10/2023	 110 	 27 	 0 	 19 	 387 	 542 
5/10/2023	 110 	 27 	 0 	 14 	 387 	 538 
6/10/2023	 110 	 27 	 0 	 15 	 387 	 539 
9/10/2023	 111 	 28 	 0 	 15 	 387 	 539 
10/10/2023	 111 	 28 	 0 	 15 	 389 	 543 
11/10/2023	 111 	 28 	 0 	 15 	 391 	 544 
12/10/2023	 111 	 28 	 0 	 15 	 391 	 545 
13/10/2023	 112 	 28 	 0 	 16 	 392 	 547 
16/10/2023	 112 	 28 	 0 	 16 	 392 	 548 
17/10/2023	 112 	 28 	 0 	 16 	 393 	 549 
18/10/2023	 112 	 28 	 0 	 16 	 394 	 551 
19/10/2023	 112 	 28 	 0 	 16 	 398 	 554 
20/10/2023	 112 	 28 	 0 	 17 	 399 	 556 
23/10/2023	 113 	 28 	 0 	 17 	 399 	 557 
24/10/2023	 113 	 29 	 0 	 17 	 402 	 562 
25/10/2023	 114 	 29 	 0 	 17 	 406 	 565 
26/10/2023	 114 	 29 	 0 	 17 	 406 	 566 
27/10/2023	 114 	 29 	 0 	 17 	 408 	 568 
30/10/2023	 115 	 29 	 0 	 17 	 409 	 571 
31/10/2023	 115 	 29 	 0 	 17 	 413 	 575 
1/11/2023	 116 	 29 	 0 	 18 	 414 	 578 
2/11/2023	 117 	 30 	 0 	 18 	 415 	 580 
3/11/2023	 116 	 30 	 0 	 18 	 415 	 580 
6/11/2023	 116 	 30 	 0 	 18 	 414 	 578 
7/11/2023	 116 	 30 	 0 	 18 	 416 	 580 
8/11/2023	 116 	 30 	 0 	 18 	 416 	 581 
9/11/2023	 117 	 30 	 0 	 18 	 417 	 582 
10/11/2023	 117 	 30 	 0 	 18 	 418 	 583 
13/11/2023	 117 	 30 	 0 	 18 	 418 	 584 
14/11/2023	 118 	 31 	 0 	 18 	 419 	 586 
15/11/2023	 119 	 31 	 0 	 19 	 411 	 580 
16/11/2023	 119 	 31 	 0 	 19 	 410 	 579 
17/11/2023	 120 	 31 	 0 	 19 	 410 	 579 
20/11/2023	 130 	 31 	 0 	 19 	 329 	 509 
21/11/2023	 128 	 31 	 0 	 19 	 230 	 408 
22/11/2023	 128 	 31 	 0 	 19 	 231 	 409 
23/11/2023	 126 	 32 	 0 	 19 	 232 	 409 
24/11/2023	 127 	 32 	 0 	 19 	 234 	 411 
27/11/2023	 127 	 32 	 0 	 20 	 234 	 412 
28/11/2023	 127 	 32 	 0 	 20 	 234 	 414 
29/11/2023	 128 	 32 	 0 	 20 	 235 	 414 
30/11/2023	 128 	 32 	 0 	 20 	 236 	 417 
1/12/2023	 129 	 32 	 0 	 20 	 237 	 417 
4/12/2023	 129 	 32 	 0 	 20 	 237 	 419 
5/12/2023	 129 	 32 	 0 	 21 	 238 	 420 
6/12/2023	 130 	 33 	 0 	 22 	 240 	 425 
7/12/2023	 130 	 33 	 0 	 24 	 240 	 427 
8/12/2023	 129 	 34 	 0 	 25 	 241 	 429 
11/12/2023	 129 	 34 	 0 	 25 	 241 	 429 
12/12/2023	 129 	 34 	 0 	 25 	 243 	 431 
13/12/2023	 129 	 35 	 0 	 25 	 243 	 432 
14/12/2023	 129 	 35 	 0 	 25 	 244 	 433 
15/12/2023	 126 	 34 	 0 	 25 	 243 	 428 
18/12/2023	 126 	 34 	 0 	 25 	 243 	 428 
19/12/2023	 126 	 34 	 0 	 25 	 243 	 429 
20/12/2023	 126 	 35 	 0 	 26 	 244 	 430 
21/12/2023	 127 	 35 	 0 	 26 	 246 	 434 
22/12/2023	 127 	 35 	 0 	 27 	 247 	 436 
27/12/2023	 127 	 35 	 0 	 27 	 247 	 436 
28/12/2023	 127 	 35 	 0 	 27 	 247 	 436 
29/12/2023	 128 	 35 	 0 	 27 	 247 	 437 
2/01/2024	 106 	 29 	 0 	 27 	 248 	 410 
3/01/2024	 108 	 29 	 0 	 29 	 250 	 416 
4/01/2024	 109 	 29 	 0 	 26 	 253 	 417 
5/01/2024	 109 	 29 	 0 	 23 	 254 	 416 
8/01/2024	 110 	 29 	 0 	 23 	 256 	 419 
9/01/2024	 110 	 29 	 0 	 24 	 256 	 420 
10/01/2024	 110 	 30 	 0 	 25 	 257 	 421 
11/01/2024	 110 	 30 	 0 	 25 	 257 	 422 
12/01/2024	 111 	 30 	 0 	 25 	 259 	 424 
15/01/2024	 111 	 30 	 0 	 25 	 261 	 428 
16/01/2024	 112 	 30 	 0 	 25 	 262 	 429 
17/01/2024	 112 	 30 	 0 	 25 	 263 	 430 
18/01/2024	 112 	 30 	 0 	 25 	 264 	 432 
19/01/2024	 112 	 31 	 0 	 25 	 265 	 433 
22/01/2024	 113 	 31 	 0 	 26 	 264 	 433 
23/01/2024	 113 	 31 	 0 	 26 	 263 	 433 
24/01/2024	 113 	 31 	 0 	 26 	 265 	 435 
25/01/2024	 114 	 31 	 0 	 26 	 266 	 437 
29/01/2024	 114 	 31 	 0 	 26 	 266 	 438 
30/01/2024	 114 	 32 	 0 	 28 	 266 	 441 
31/01/2024	 115 	 32 	 0 	 29 	 267 	 443 
1/02/2024	 115 	 32 	 0 	 30 	 267 	 444 
2/02/2024	 116 	 33 	 0 	 31 	 266 	 445 
5/02/2024	 116 	 33 	 0 	 31 	 267 	 447 
6/02/2024	 117 	 33 	 0 	 31 	 269 	 450 
7/02/2024	 118 	 33 	 0 	 31 	 271 	 453 
8/02/2024	 119 	 34 	 0 	 31 	 274 	 458 
9/02/2024	 119 	 34 	 0 	 32 	 274 	 459 
12/02/2024	 120 	 34 	 0 	 32 	 275 	 460 
13/02/2024	 120 	 34 	 0 	 32 	 275 	 461 
14/02/2024	 120 	 34 	 0 	 32 	 276 	 462 
15/02/2024	 120 	 34 	 0 	 32 	 276 	 463 
16/02/2024	 120 	 34 	 0 	 33 	 277 	 464 
19/02/2024	 119 	 34 	 0 	 33 	 276 	 461 
20/02/2024	 119 	 34 	 0 	 33 	 279 	 465 
21/02/2024	 120 	 34 	 0 	 33 	 281 	 468 
22/02/2024	 120 	 35 	 0 	 33 	 283 	 471 
23/02/2024	 121 	 35 	 0 	 33 	 285 	 474 
26/02/2024	 121 	 35 	 0 	 33 	 285 	 474 
27/02/2024	 121 	 35 	 0 	 33 	 285 	 475 
28/02/2024	 122 	 35 	 0 	 33 	 286 	 476 
29/02/2024	 122 	 35 	 0 	 33 	 287 	 478 
1/03/2024	 123 	 35 	 0 	 33 	 288 	 479 
4/03/2024	 123 	 35 	 0 	 33 	 288 	 480 
5/03/2024	 124 	 36 	 0 	 33 	 288 	 481 
6/03/2024	 124 	 36 	 0 	 33 	 288 	 481 
7/03/2024	 124 	 36 	 0 	 33 	 288 	 482 
8/03/2024	 124 	 36 	 0 	 33 	 288 	 482 
11/03/2024	 124 	 36 	 0 	 33 	 288 	 482 
12/03/2024	 125 	 36 	 0 	 33 	 288 	 483 
13/03/2024	 125 	 37 	 0 	 33 	 289 	 484 
14/03/2024	 126 	 37 	 0 	 33 	 292 	 488 
15/03/2024	 126 	 37 	 0 	 33 	 293 	 489 
18/03/2024	 126 	 37 	 0 	 33 	 293 	 490 
19/03/2024	 126 	 37 	 0 	 34 	 295 	 491 
20/03/2024	 126 	 37 	 0 	 34 	 298 	 495 
21/03/2024	 127 	 37 	 0 	 34 	 300 	 498 
22/03/2024	 127 	 37 	 0 	 34 	 301 	 500 
25/03/2024	 127 	 37 	 0 	 34 	 301 	 500 
26/03/2024	 128 	 37 	 0 	 35 	 302 	 501 
27/03/2024	 128 	 37 	 0 	 35 	 302 	 501 
28/03/2024	 128 	 38 	 0 	 35 	 302 	 503 
2/04/2024	 106 	 31 	 0 	 35 	 304 	 476 
3/04/2024	 107 	 31 	 0 	 35 	 304 	 478 
4/04/2024	 107 	 31 	 0 	 30 	 305 	 474 
5/04/2024	 108 	 31 	 0 	 21 	 306 	 466 
8/04/2024	 108 	 31 	 0 	 21 	 308 	 469 
9/04/2024	 108 	 32 	 0 	 22 	 310 	 471 
10/04/2024	 109 	 32 	 0 	 22 	 311 	 473 
11/04/2024	 109 	 32 	 0 	 23 	 312 	 475 
12/04/2024	 109 	 32 	 0 	 23 	 312 	 476 
15/04/2024	 109 	 32 	 0 	 24 	 312 	 477 
16/04/2024	 110 	 32 	 0 	 24 	 312 	 478 
17/04/2024	 109 	 31 	 0 	 24 	 312 	 476 
18/04/2024	 109 	 31 	 0 	 24 	 313 	 477 
19/04/2024	 109 	 32 	 0 	 24 	 314 	 479 
22/04/2024	 109 	 32 	 0 	 25 	 314 	 479 
23/04/2024	 110 	 32 	 0 	 25 	 314 	 481 
24/04/2024	 110 	 32 	 0 	 25 	 314 	 481 
26/04/2024	 111 	 32 	 0 	 26 	 315 	 483 
29/04/2024	 111 	 32 	 0 	 26 	 316 	 485 
30/04/2024	 112 	 32 	 0 	 26 	 315 	 485 
1/05/2024	 112 	 32 	 0 	 26 	 315 	 486 
2/05/2024	 113 	 32 	 0 	 26 	 316 	 487 
3/05/2024	 113 	 32 	 0 	 26 	 316 	 488 
6/05/2024	 114 	 32 	 0 	 26 	 316 	 488 
7/05/2024	 114 	 32 	 0 	 27 	 316 	 489 
8/05/2024	 115 	 33 	 0 	 28 	 316 	 491 
9/05/2024	 115 	 33 	 0 	 29 	 316 	 493 
10/05/2024	 115 	 33 	 0 	 29 	 317 	 495 
13/05/2024	 116 	 33 	 0 	 31 	 317 	 496 
14/05/2024	 117 	 33 	 0 	 32 	 313 	 494 
15/05/2024	 117 	 33 	 0 	 33 	 314 	 496 
16/05/2024	 117 	 33 	 0 	 33 	 314 	 497 
17/05/2024	 118 	 33 	 0 	 33 	 315 	 499 
20/05/2024	 117 	 32 	 0 	 33 	 269 	 451 
21/05/2024	 119 	 32 	 0 	 33 	 206 	 391 
22/05/2024	 119 	 33 	 0 	 34 	 207 	 392 
23/05/2024	 119 	 33 	 0 	 34 	 215 	 401 
24/05/2024	 119 	 33 	 0 	 34 	 216 	 402 
27/05/2024	 120 	 33 	 0 	 34 	 217 	 403 
28/05/2024	 120 	 33 	 0 	 34 	 220 	 408 
29/05/2024	 122 	 33 	 0 	 34 	 221 	 410 
30/05/2024	 122 	 33 	 0 	 34 	 221 	 411 
31/05/2024	 122 	 33 	 0 	 34 	 222 	 411 
3/06/2024	 123 	 33 	 0 	 34 	 222 	 412 
4/06/2024	 123 	 34 	 0 	 34 	 222 	 412 
5/06/2024	 123 	 34 	 0 	 34 	 223 	 414 
6/06/2024	 123 	 34 	 0 	 34 	 223 	 414 
7/06/2024	 123 	 34 	 0 	 34 	 225 	 417 
11/06/2024	 124 	 34 	 0 	 34 	 225 	 417 
12/06/2024	 125 	 34 	 0 	 34 	 227 	 420 
13/06/2024	 125 	 34 	 0 	 35 	 227 	 421 
14/06/2024	 125 	 34 	 0 	 35 	 229 	 423 
17/06/2024	 125 	 34 	 0 	 35 	 229 	 424 
18/06/2024	 126 	 34 	 0 	 35 	 231 	 427 
19/06/2024	 123 	 34 	 0 	 35 	 230 	 423 
20/06/2024	 123 	 34 	 0 	 36 	 231 	 424 
21/06/2024	 124 	 34 	 0 	 36 	 231 	 425 
24/06/2024	 124 	 34 	 0 	 36 	 231 	 426 
25/06/2024	 124 	 34 	 0 	 37 	 233 	 429 
26/06/2024	 125 	 34 	 0 	 37 	 234 	 430 
27/06/2024	 125 	 35 	 0 	 38 	 234 	 432 
28/06/2024	 125 	 35 	 0 	 38 	 235 	 433 
1/07/2024	 103 	 29 	 0 	 38 	 235 	 406 
2/07/2024	 103 	 30 	 0 	 39 	 235 	 407 
3/07/2024	 103 	 30 	 0 	 33 	 235 	 402 
4/07/2024	 103 	 30 	 0 	 24 	 235 	 393 
5/07/2024	 104 	 30 	 0 	 24 	 237 	 395 
8/07/2024	 104 	 30 	 0 	 24 	 237 	 396 
9/07/2024	 104 	 31 	 0 	 24 	 238 	 397 
10/07/2024	 105 	 31 	 0 	 24 	 238 	 397 
11/07/2024	 105 	 31 	 0 	 24 	 238 	 398 
12/07/2024	 105 	 31 	 0 	 25 	 222 	 383 
15/07/2024	 105 	 32 	 0 	 25 	 222 	 384 
16/07/2024	 105 	 32 	 0 	 26 	 223 	 386 
17/07/2024	 105 	 32 	 0 	 26 	 224 	 387 
18/07/2024	 104 	 31 	 0 	 26 	 222 	 382 
19/07/2024	 105 	 31 	 0 	 27 	 223 	 386 
22/07/2024	 105 	 31 	 0 	 26 	 223 	 385 
23/07/2024	 105 	 31 	 0 	 26 	 224 	 386 
24/07/2024	 101 	 31 	 0 	 27 	 219 	 378 
25/07/2024	 102 	 31 	 0 	 27 	 221 	 382 
26/07/2024	 103 	 31 	 0 	 27 	 224 	 385 
29/07/2024	 103 	 32 	 0 	 27 	 224 	 386 
30/07/2024	 103 	 32 	 0 	 27 	 225 	 387 
31/07/2024	 103 	 32 	 0 	 29 	 225 	 389 
1/08/2024	 103 	 32 	 0 	 29 	 225 	 390 
2/08/2024	 104 	 32 	 0 	 29 	 225 	 391 
5/08/2024	 103 	 33 	 0 	 30 	 225 	 391 
6/08/2024	 104 	 33 	 0 	 29 	 226 	 392 
7/08/2024	 104 	 33 	 0 	 30 	 228 	 395 
8/08/2024	 104 	 33 	 0 	 31 	 228 	 396 
9/08/2024	 104 	 34 	 0 	 31 	 229 	 398 
12/08/2024	 105 	 34 	 0 	 31 	 229 	 398 
13/08/2024	 105 	 34 	 0 	 31 	 229 	 399 
14/08/2024	 105 	 34 	 0 	 31 	 229 	 399 
15/08/2024	 105 	 34 	 0 	 32 	 229 	 400 
16/08/2024	 105 	 34 	 0 	 32 	 229 	 400 
19/08/2024	 105 	 34 	 0 	 32 	 229 	 400 
20/08/2024	 103 	 33 	 0 	 32 	 227 	 395 
21/08/2024	 103 	 33 	 0 	 32 	 227 	 395 
22/08/2024	 103 	 33 	 0 	 32 	 228 	 396 
23/08/2024	 104 	 33 	 0 	 32 	 228 	 397 
26/08/2024	 104 	 33 	 0 	 32 	 229 	 398 
27/08/2024	 103 	 33 	 0 	 32 	 230 	 398 
28/08/2024	 104 	 33 	 0 	 33 	 231 	 401 
29/08/2024	 104 	 33 	 0 	 34 	 233 	 404 
30/08/2024	 104 	 33 	 0 	 34 	 233 	 404 
2/09/2024	 104 	 34 	 0 	 35 	 233 	 406 
3/09/2024	 104 	 34 	 0 	 36 	 234 	 407 
4/09/2024	 104 	 34 	 0 	 36 	 234 	 408 
5/09/2024	 104 	 34 	 0 	 37 	 235 	 409 
6/09/2024	 104 	 33 	 0 	 38 	 235 	 411 
9/09/2024	 105 	 33 	 0 	 39 	 235 	 411 
10/09/2024	 105 	 34 	 0 	 39 	 236 	 413 
11/09/2024	 105 	 34 	 0 	 39 	 237 	 415 
12/09/2024	 105 	 34 	 0 	 40 	 237 	 416 
13/09/2024	 105 	 34 	 0 	 40 	 237 	 416 
16/09/2024	 105 	 34 	 0 	 40 	 237 	 417 
17/09/2024	 105 	 34 	 0 	 40 	 238 	 417 
18/09/2024	 105 	 34 	 0 	 40 	 236 	 415 
19/09/2024	 105 	 34 	 0 	 40 	 237 	 416 
20/09/2024	 105 	 34 	 0 	 40 	 237 	 417 
23/09/2024	 105 	 35 	 0 	 40 	 237 	 417 
24/09/2024	 105 	 35 	 0 	 41 	 238 	 419 
25/09/2024	 105 	 35 	 0 	 41 	 238 	 419 
26/09/2024	 106 	 35 	 0 	 41 	 238 	 420 
27/09/2024	 106 	 35 	 0 	 41 	 241 	 423 
30/09/2024	 106 	 35 	 0 	 41 	 241 	 424 
1/10/2024	 86 	 30 	 0 	 28 	 240 	 384 
2/10/2024	 86 	 30 	 0 	 28 	 240 	 385 
3/10/2024	 86 	 30 	 0 	 28 	 241 	 386 
4/10/2024	 87 	 31 	 0 	 28 	 241 	 386 
7/10/2024	 87 	 31 	 0 	 28 	 241 	 386 
8/10/2024	 87 	 31 	 0 	 29 	 241 	 388 
9/10/2024	 87 	 31 	 0 	 29 	 242 	 388 
10/10/2024	 85 	 31 	 0 	 29 	 240 	 385 
11/10/2024	 85 	 31 	 0 	 29 	 240 	 385 
14/10/2024	 85 	 31 	 0 	 30 	 240 	 386 
15/10/2024	 85 	 32 	 0 	 30 	 240 	 387 
16/10/2024	 85 	 32 	 0 	 30 	 239 	 387 
17/10/2024	 86 	 32 	 0 	 30 	 240 	 388 
18/10/2024	 86 	 32 	 0 	 31 	 241 	 390 
21/10/2024	 81 	 32 	 0 	 31 	 238 	 382 
22/10/2024	 81 	 32 	 0 	 32 	 238 	 383 
23/10/2024	 81 	 32 	 0 	 32 	 240 	 385 
24/10/2024	 81 	 32 	 0 	 32 	 240 	 386 
25/10/2024	 81 	 33 	 0 	 33 	 240 	 387 
28/10/2024	 81 	 33 	 0 	 33 	 241 	 387 
29/10/2024	 82 	 33 	 0 	 33 	 241 	 388 
30/10/2024	 81 	 33 	 0 	 33 	 241 	 389 
31/10/2024	 81 	 33 	 0 	 34 	 241 	 389 
1/11/2024	 81 	 33 	 0 	 34 	 241 	 390 
4/11/2024	 82 	 34 	 0 	 35 	 242 	 392 
5/11/2024	 82 	 34 	 0 	 35 	 242 	 392 
6/11/2024	 82 	 34 	 0 	 35 	 244 	 394 
7/11/2024	 82 	 34 	 0 	 35 	 245 	 396 
8/11/2024	 83 	 34 	 0 	 37 	 245 	 398 
11/11/2024	 83 	 34 	 0 	 37 	 245 	 398 
12/11/2024	 83 	 34 	 0 	 37 	 244 	 398 
13/11/2024	 83 	 34 	 0 	 37 	 243 	 398 
14/11/2024	 84 	 35 	 0 	 38 	 243 	 399 
15/11/2024	 84 	 35 	 0 	 38 	 243 	 399 
18/11/2024	 84 	 35 	 0 	 38 	 244 	 401 
19/11/2024	 87 	 35 	 0 	 38 	 222 	 383 
20/11/2024	 87 	 35 	 0 	 39 	 172 	 333 
21/11/2024	 87 	 35 	 0 	 39 	 172 	 333 
22/11/2024	 88 	 36 	 0 	 39 	 172 	 334 
25/11/2024	 88 	 36 	 0 	 39 	 172 	 335 
26/11/2024	 88 	 36 	 0 	 40 	 172 	 336 
27/11/2024	 89 	 36 	 0 	 40 	 172 	 337 
28/11/2024	 89 	 36 	 0 	 40 	 172 	 337 
29/11/2024	 89 	 36 	 0 	 40 	 172 	 337 
2/12/2024	 89 	 36 	 0 	 40 	 172 	 337 
3/12/2024	 89 	 36 	 0 	 41 	 172 	 339 
4/12/2024	 89 	 36 	 0 	 42 	 173 	 340 
5/12/2024	 89 	 36 	 0 	 42 	 173 	 341 
6/12/2024	 89 	 36 	 0 	 43 	 173 	 341 
9/12/2024	 89 	 36 	 0 	 43 	 173 	 341 
10/12/2024	 90 	 36 	 0 	 43 	 174 	 344 
11/12/2024	 91 	 36 	 0 	 44 	 174 	 345 
12/12/2024	 91 	 36 	 0 	 44 	 174 	 345 
13/12/2024	 91 	 37 	 0 	 44 	 175 	 346 
16/12/2024	 91 	 37 	 0 	 44 	 175 	 347 
17/12/2024	 91 	 37 	 0 	 44 	 176 	 348 
18/12/2024	 91 	 37 	 0 	 47 	 176 	 351 
19/12/2024	 92 	 37 	 0 	 47 	 176 	 351 
20/12/2024	 92 	 37 	 0 	 47 	 175 	 351 
23/12/2024	 92 	 37 	 0 	 47 	 177 	 352 
24/12/2024	 92 	 37 	 0 	 47 	 177 	 352 
27/12/2024	 92 	 37 	 0 	 47 	 177 	 352 
30/12/2024	 92 	 37 	 0 	 47 	 177 	 352 
31/12/2024	 92 	 37 	 0 	 47 	 177 	 353 
2/01/2025	 75 	 31 	 0 	 27 	 177 	 311 
3/01/2025	 76 	 31 	 0 	 27 	 178 	 312 
6/01/2025	 76 	 31 	 0 	 28 	 178 	 312 
7/01/2025	 76 	 32 	 0 	 28 	 178 	 313 
8/01/2025	 76 	 32 	 0 	 28 	 178 	 314 
9/01/2025	 77 	 32 	 0 	 28 	 178 	 315 
10/01/2025	 77 	 32 	 0 	 28 	 179 	 316 
13/01/2025	 77 	 32 	 0 	 28 	 179 	 317 
14/01/2025	 77 	 32 	 0 	 29 	 179 	 318 
15/01/2025	 77 	 32 	 0 	 30 	 179 	 319 
16/01/2025	 77 	 33 	 0 	 30 	 179 	 319 
17/01/2025	 78 	 33 	 0 	 31 	 180 	 321 
20/01/2025	 78 	 33 	 0 	 31 	 180 	 322 
21/01/2025	 78 	 33 	 0 	 31 	 180 	 322 
22/01/2025	 79 	 33 	 0 	 32 	 180 	 324 
23/01/2025	 79 	 33 	 0 	 32 	 180 	 324 
24/01/2025	 80 	 33 	 0 	 32 	 182 	 327 
28/01/2025	 80 	 33 	 0 	 33 	 182 	 327 
29/01/2025	 80 	 33 	 0 	 33 	 183 	 329 
30/01/2025	 81 	 34 	 0 	 33 	 183 	 331 
31/01/2025	 81 	 34 	 0 	 34 	 183 	 331 
3/02/2025	 81 	 34 	 0 	 34 	 183 	 332 
4/02/2025	 82 	 34 	 0 	 34 	 184 	 334 
5/02/2025	 82 	 34 	 0 	 35 	 188 	 339 
6/02/2025	 82 	 34 	 0 	 35 	 188 	 340 
7/02/2025	 82 	 35 	 0 	 36 	 188 	 341 
10/02/2025	 82 	 35 	 0 	 36 	 188 	 342 
11/02/2025	 83 	 35 	 0 	 36 	 187 	 342 
12/02/2025	 83 	 36 	 0 	 37 	 187 	 342 
13/02/2025	 83 	 36 	 0 	 37 	 187 	 343 
14/02/2025	 83 	 36 	 0 	 37 	 187 	 343 
17/02/2025	 83 	 36 	 0 	 37 	 187 	 344 
18/02/2025	 84 	 36 	 0 	 38 	 187 	 345 
19/02/2025	 84 	 36 	 0 	 39 	 188 	 348 
20/02/2025	 85 	 36 	 0 	 39 	 189 	 349 
21/02/2025	 85 	 36 	 0 	 40 	 190 	 351 
24/02/2025	 85 	 37 	 0 	 40 	 191 	 352 
25/02/2025	 85 	 37 	 0 	 41 	 194 	 358 
26/02/2025	 85 	 37 	 0 	 42 	 198 	 363 
27/02/2025	 86 	 37 	 0 	 43 	 198 	 364 
28/02/2025	 85 	 38 	 0 	 45 	 199 	 367 
3/03/2025	 85 	 38 	 0 	 45 	 202 	 370 
4/03/2025	 86 	 38 	 0 	 45 	 203 	 372 
5/03/2025	 86 	 38 	 0 	 45 	 204 	 374 
6/03/2025	 86 	 38 	 0 	 46 	 204 	 375 
7/03/2025	 87 	 38 	 0 	 46 	 204 	 375 
10/03/2025	 87 	 38 	 0 	 46 	 204 	 376 
11/03/2025	 87 	 38 	 0 	 47 	 204 	 376 
12/03/2025	 87 	 38 	 0 	 47 	 205 	 378 
13/03/2025	 88 	 38 	 0 	 48 	 205 	 379 
14/03/2025	 88 	 38 	 0 	 48 	 205 	 379 
17/03/2025	 88 	 38 	 0 	 48 	 205 	 380 
18/03/2025	 89 	 39 	 0 	 49 	 206 	 382 
19/03/2025	 89 	 39 	 0 	 49 	 207 	 384 
20/03/2025	 89 	 39 	 0 	 49 	 207 	 384 
21/03/2025	 89 	 39 	 0 	 50 	 208 	 386 
24/03/2025	 89 	 39 	 0 	 50 	 208 	 387 
25/03/2025	 89 	 39 	 0 	 50 	 208 	 387 
26/03/2025	 89 	 39 	 0 	 50 	 207 	 386 
27/03/2025	 89 	 39 	 0 	 51 	 207 	 387 
28/03/2025	 90 	 39 	 0 	 51 	 207 	 387 
31/03/2025	 90 	 40 	 0 	 52 	 207 	 389