Period,DUID,Delta,Contract
2020-03-31,BOCORWF1,33.6888559854832,Ex-post DWA
2020-06-30,BOCORWF1,-0.8483938247522431,Ex-post DWA
2020-09-30,BOCORWF1,-1.5773978582089612,Ex-post DWA
2020-12-31,BOCORWF1,7.775794460606271,Ex-post DWA
2021-03-31,BOCORWF1,0.47983114226128265,Ex-post DWA
2021-06-30,BOCORWF1,1.2651604356920387,Ex-post DWA
2021-09-30,BOCORWF1,-2.289821070162759,Ex-post DWA
2021-12-31,BOCORWF1,2.218134169751224,Ex-post DWA
2022-03-31,BOCORWF1,2.4564972830998073,Ex-post DWA
2022-06-30,BOCORWF1,54.6768507950938,Ex-post DWA
2022-09-30,BOCORWF1,-19.797163957287836,Ex-post DWA
2022-12-31,BOCORWF1,-3.080697302709524,Ex-post DWA
2023-03-31,BOCORWF1,10.852425520417981,Ex-post DWA
2023-06-30,BOCORWF1,-3.272614620198823,Ex-post DWA
2023-09-30,BOCORWF1,-0.5432742439253957,Ex-post DWA
2023-12-31,BOCORWF1,-1.526400902707195,Ex-post DWA
2024-03-31,BOCORWF1,39.8904643841134,Ex-post DWA
2024-06-30,BOCORWF1,-46.163438615359894,Ex-post DWA
2024-09-30,BOCORWF1,-7.6230195475281874,Ex-post DWA
2024-12-31,BOCORWF1,28.013135201184014,Ex-post DWA
2020-03-31,BODWF1,-10.588072444240026,Ex-post DWA
2020-06-30,BODWF1,0.8076684394169646,Ex-post DWA
2020-09-30,BODWF1,0.8098430791883828,Ex-post DWA
2020-12-31,BODWF1,4.003671558153336,Ex-post DWA
2021-03-31,BODWF1,-0.44597769008343846,Ex-post DWA
2021-06-30,BODWF1,2.5045385913228273,Ex-post DWA
2021-09-30,BODWF1,9.07053352846772,Ex-post DWA
2021-12-31,BODWF1,1.0090300778580925,Ex-post DWA
2022-03-31,BODWF1,-0.9198420235733806,Ex-post DWA
2022-06-30,BODWF1,-20.009852155479678,Ex-post DWA
2022-09-30,BODWF1,15.514763383418313,Ex-post DWA
2022-12-31,BODWF1,7.25488336831728,Ex-post DWA
2023-03-31,BODWF1,-2.752199306434605,Ex-post DWA
2023-06-30,BODWF1,0.6571672414452365,Ex-post DWA
2023-09-30,BODWF1,9.19598006961462,Ex-post DWA
2023-12-31,BODWF1,4.933757022526102,Ex-post DWA
2024-03-31,BODWF1,-8.064569617234383,Ex-post DWA
2024-06-30,BODWF1,36.20536508197554,Ex-post DWA
2024-09-30,BODWF1,13.727450517696909,Ex-post DWA
2024-12-31,BODWF1,-19.425160690828903,Ex-post DWA
2020-03-31,CROOKWF2,13.668011322146043,Ex-post DWA
2020-06-30,CROOKWF2,-1.4339300293395638,Ex-post DWA
2020-09-30,CROOKWF2,-1.561107546496686,Ex-post DWA
2020-12-31,CROOKWF2,-2.2486795982343963,Ex-post DWA
2021-03-31,CROOKWF2,0.8367391466299878,Ex-post DWA
2021-06-30,CROOKWF2,-7.723607348119742,Ex-post DWA
2021-09-30,CROOKWF2,-8.304326372144118,Ex-post DWA
2021-12-31,CROOKWF2,-3.5965683122545826,Ex-post DWA
2022-03-31,CROOKWF2,-2.6470980160291617,Ex-post DWA
2022-06-30,CROOKWF2,7.13162875506606,Ex-post DWA
2022-09-30,CROOKWF2,-14.02183302768168,Ex-post DWA
2022-12-31,CROOKWF2,-3.5916589984128677,Ex-post DWA
2023-03-31,CROOKWF2,-0.5775563325752557,Ex-post DWA
2023-06-30,CROOKWF2,-5.556874916670665,Ex-post DWA
2023-09-30,CROOKWF2,-10.09939729620806,Ex-post DWA
2023-12-31,CROOKWF2,-7.67454018874578,Ex-post DWA
2024-03-31,CROOKWF2,2.6211850896066977,Ex-post DWA
2024-06-30,CROOKWF2,-80.4920449008179,Ex-post DWA
2024-09-30,CROOKWF2,-33.893046111311854,Ex-post DWA
2024-12-31,CROOKWF2,-30.619034162894067,Ex-post DWA
2020-03-31,GULLRWF1,6.229322802021073,Ex-post DWA
2020-06-30,GULLRWF1,-1.4564559855900825,Ex-post DWA
2020-09-30,GULLRWF1,0.464168524906988,Ex-post DWA
2020-12-31,GULLRWF1,-4.744330429377094,Ex-post DWA
2021-03-31,GULLRWF1,0.02594625652069027,Ex-post DWA
2021-06-30,GULLRWF1,-6.742031557578031,Ex-post DWA
2021-09-30,GULLRWF1,-7.923172372052775,Ex-post DWA
2021-12-31,GULLRWF1,-4.071825939500727,Ex-post DWA
2022-03-31,GULLRWF1,-3.3301659633895753,Ex-post DWA
2022-06-30,GULLRWF1,10.292194750527926,Ex-post DWA
2022-09-30,GULLRWF1,-6.138856719202295,Ex-post DWA
2022-12-31,GULLRWF1,-5.984535604850976,Ex-post DWA
2023-03-31,GULLRWF1,-2.3602748515402965,Ex-post DWA
2023-06-30,GULLRWF1,-3.3272606743406925,Ex-post DWA
2023-09-30,GULLRWF1,-8.560579852038458,Ex-post DWA
2023-12-31,GULLRWF1,-10.524831373280463,Ex-post DWA
2024-03-31,GULLRWF1,-4.80759567854777,Ex-post DWA
2024-06-30,GULLRWF1,-41.90997246611661,Ex-post DWA
2024-09-30,GULLRWF1,-14.561927647661975,Ex-post DWA
2024-12-31,GULLRWF1,-11.102035360329808,Ex-post DWA
2020-03-31,GUNNING1,-4.92021769789919,Ex-post DWA
2020-06-30,GUNNING1,-1.602648815982434,Ex-post DWA
2020-09-30,GUNNING1,-0.7464666662347597,Ex-post DWA
2020-12-31,GUNNING1,-0.8562471842199244,Ex-post DWA
2021-03-31,GUNNING1,0.05562921487752703,Ex-post DWA
2021-06-30,GUNNING1,-5.6961928111743845,Ex-post DWA
2021-09-30,GUNNING1,-5.400018804188214,Ex-post DWA
2021-12-31,GUNNING1,-2.4837029579354635,Ex-post DWA
2022-03-31,GUNNING1,-1.6380353470527496,Ex-post DWA
2022-06-30,GUNNING1,-0.9866872077710696,Ex-post DWA
2022-09-30,GUNNING1,-8.319084780110188,Ex-post DWA
2022-12-31,GUNNING1,-12.122309929966733,Ex-post DWA
2023-03-31,GUNNING1,-5.104557773241865,Ex-post DWA
2023-06-30,GUNNING1,8.570790226180662,Ex-post DWA
2023-09-30,GUNNING1,-5.492322145637971,Ex-post DWA
2023-12-31,GUNNING1,-4.757952039980879,Ex-post DWA
2024-03-31,GUNNING1,-3.9944002312619062,Ex-post DWA
2024-06-30,GUNNING1,-22.768251885305517,Ex-post DWA
2024-09-30,GUNNING1,-11.853396014984966,Ex-post DWA
2024-12-31,GUNNING1,-26.444479814955542,Ex-post DWA
2020-03-31,SAPHWF1,-12.323967078804039,Ex-post DWA
2020-06-30,SAPHWF1,1.6287968998899558,Ex-post DWA
2020-09-30,SAPHWF1,0.8699737982793181,Ex-post DWA
2020-12-31,SAPHWF1,-2.497610124245817,Ex-post DWA
2021-03-31,SAPHWF1,-0.14337903700170074,Ex-post DWA
2021-06-30,SAPHWF1,6.436305618679512,Ex-post DWA
2021-09-30,SAPHWF1,12.866757359969327,Ex-post DWA
2021-12-31,SAPHWF1,1.1233308261153212,Ex-post DWA
2022-03-31,SAPHWF1,1.0186898584720154,Ex-post DWA
2022-06-30,SAPHWF1,-12.054546405507608,Ex-post DWA
2022-09-30,SAPHWF1,6.03642364512595,Ex-post DWA
2022-12-31,SAPHWF1,4.393157204596875,Ex-post DWA
2023-03-31,SAPHWF1,1.219410417960873,Ex-post DWA
2023-06-30,SAPHWF1,0.28196877250080377,Ex-post DWA
2023-09-30,SAPHWF1,12.503755789261248,Ex-post DWA
2023-12-31,SAPHWF1,7.302043255337729,Ex-post DWA
2024-03-31,SAPHWF1,-2.781268364555075,Ex-post DWA
2024-06-30,SAPHWF1,11.082683323021655,Ex-post DWA
2024-09-30,SAPHWF1,30.20284414651357,Ex-post DWA
2024-12-31,SAPHWF1,18.401068890890286,Ex-post DWA
2020-03-31,STWF1,-2.3374200371414275,Ex-post DWA
2020-06-30,STWF1,-0.3219129553095783,Ex-post DWA
2020-09-30,STWF1,-0.17744124104456205,Ex-post DWA
2020-12-31,STWF1,-0.5200276745944876,Ex-post DWA
2021-03-31,STWF1,-0.5743982028856962,Ex-post DWA
2021-06-30,STWF1,7.128997269958063,Ex-post DWA
2021-09-30,STWF1,6.562237254186826,Ex-post DWA
2021-12-31,STWF1,5.382690906540326,Ex-post DWA
2022-03-31,STWF1,2.3991268145386186,Ex-post DWA
2022-06-30,STWF1,-25.018330885014393,Ex-post DWA
2022-09-30,STWF1,11.995295656645624,Ex-post DWA
2022-12-31,STWF1,0.42357766610808767,Ex-post DWA
2023-03-31,STWF1,-0.9954256922336526,Ex-post DWA
2023-06-30,STWF1,6.961577915837836,Ex-post DWA
2023-09-30,STWF1,8.553541370468196,Ex-post DWA
2023-12-31,STWF1,8.6619258922181,Ex-post DWA
2024-03-31,STWF1,0.016285212634571167,Ex-post DWA
2024-06-30,STWF1,44.617470137193635,Ex-post DWA
2024-09-30,STWF1,28.297791489741527,Ex-post DWA
2024-12-31,STWF1,13.089182427934531,Ex-post DWA
2020-03-31,TARALGA1,17.802513127969107,Ex-post DWA
2020-06-30,TARALGA1,-1.490153671963924,Ex-post DWA
2020-09-30,TARALGA1,-0.5218404542616213,Ex-post DWA
2020-12-31,TARALGA1,4.681728732013504,Ex-post DWA
2021-03-31,TARALGA1,1.0601974400068102,Ex-post DWA
2021-06-30,TARALGA1,-9.360381267060745,Ex-post DWA
2021-09-30,TARALGA1,-6.985384108739773,Ex-post DWA
2021-12-31,TARALGA1,-3.0208072974789744,Ex-post DWA
2022-03-31,TARALGA1,-0.7069856993165473,Ex-post DWA
2022-06-30,TARALGA1,15.132083924656001,Ex-post DWA
2022-09-30,TARALGA1,-12.150210417644985,Ex-post DWA
2022-12-31,TARALGA1,0.6200538259346189,Ex-post DWA
2023-03-31,TARALGA1,3.567759684037199,Ex-post DWA
2023-06-30,TARALGA1,9.674106060379216,Ex-post DWA
2023-09-30,TARALGA1,-9.802479361380797,Ex-post DWA
2023-12-31,TARALGA1,-4.85839482614351,Ex-post DWA
2024-03-31,TARALGA1,9.767209187969115,Ex-post DWA
2024-06-30,TARALGA1,-1.55043625114169,Ex-post DWA
2024-09-30,TARALGA1,-14.637967041324444,Ex-post DWA
2024-12-31,TARALGA1,4.1584197196832235,Ex-post DWA
2020-03-31,WOODLWN1,14.614313906058001,Ex-post DWA
2020-06-30,WOODLWN1,-2.182024514805434,Ex-post DWA
2020-09-30,WOODLWN1,-0.08932449596384373,Ex-post DWA
2020-12-31,WOODLWN1,9.386282374276227,Ex-post DWA
2021-03-31,WOODLWN1,1.3659884233293553,Ex-post DWA
2021-06-30,WOODLWN1,5.075319255326576,Ex-post DWA
2021-09-30,WOODLWN1,-4.653480798136961,Ex-post DWA
2021-12-31,WOODLWN1,0.3239827831233555,Ex-post DWA
2022-03-31,WOODLWN1,-0.5670625272527587,Ex-post DWA
2022-06-30,WOODLWN1,19.4811728784357,Ex-post DWA
2022-09-30,WOODLWN1,-9.601770660994902,Ex-post DWA
2022-12-31,WOODLWN1,-0.13605330148459416,Ex-post DWA
2023-03-31,WOODLWN1,12.512677176933863,Ex-post DWA
2023-06-30,WOODLWN1,9.870900748634256,Ex-post DWA
2023-09-30,WOODLWN1,-6.324438444327271,Ex-post DWA
2023-12-31,WOODLWN1,1.5721591455077615,Ex-post DWA
2024-03-31,WOODLWN1,9.108979421689028,Ex-post DWA
2024-06-30,WOODLWN1,13.285766924104422,Ex-post DWA
2024-09-30,WOODLWN1,-5.614419884422162,Ex-post DWA
2024-12-31,WOODLWN1,37.54363285121417,Ex-post DWA
2020-03-31,WRWF1,-9.279367762842469,Ex-post DWA
2020-06-30,WRWF1,3.032297417237828,Ex-post DWA
2020-09-30,WRWF1,0.8377548828498718,Ex-post DWA
2020-12-31,WRWF1,-0.7121105164584307,Ex-post DWA
2021-03-31,WRWF1,-0.23819944068436882,Ex-post DWA
2021-06-30,WRWF1,-1.1530655014189648,Ex-post DWA
2021-09-30,WRWF1,10.394199899649038,Ex-post DWA
2021-12-31,WRWF1,1.8979760721957248,Ex-post DWA
2022-03-31,WRWF1,-0.4842308856597839,Ex-post DWA
2022-06-30,WRWF1,-8.438249985327673,Ex-post DWA
2022-09-30,WRWF1,8.363605379650721,Ex-post DWA
2022-12-31,WRWF1,-1.6654366556892626,Ex-post DWA
2023-03-31,WRWF1,0.1808931087005874,Ex-post DWA
2023-06-30,WRWF1,-1.2774029499984323,Ex-post DWA
2023-09-30,WRWF1,9.71513321701056,Ex-post DWA
2023-12-31,WRWF1,4.827776168807041,Ex-post DWA
2024-03-31,WRWF1,-4.197921806035907,Ex-post DWA
2024-06-30,WRWF1,30.14762026032915,Ex-post DWA
2024-09-30,WRWF1,17.125228025364535,Ex-post DWA
2024-12-31,WRWF1,33.89625673261435,Ex-post DWA
2020-03-31,BOCORWF1,10.782210154248787,ToD blocks
2020-06-30,BOCORWF1,-4.6076873246263474,ToD blocks
2020-09-30,BOCORWF1,-4.858150053214722,ToD blocks
2020-12-31,BOCORWF1,-4.7459530811596125,ToD blocks
2021-03-31,BOCORWF1,0.13056077123876975,ToD blocks
2021-06-30,BOCORWF1,-18.491933456940785,ToD blocks
2021-09-30,BOCORWF1,-13.247827539159289,ToD blocks
2021-12-31,BOCORWF1,-1.8043612605479282,ToD blocks
2022-03-31,BOCORWF1,-2.2244013450730193,ToD blocks
2022-06-30,BOCORWF1,52.4341182824291,ToD blocks
2022-09-30,BOCORWF1,-34.95037335099971,ToD blocks
2022-12-31,BOCORWF1,-0.5184678013174135,ToD blocks
2023-03-31,BOCORWF1,5.909214097376903,ToD blocks
2023-06-30,BOCORWF1,-21.173748049467264,ToD blocks
2023-09-30,BOCORWF1,-9.883787686811843,ToD blocks
2023-12-31,BOCORWF1,-7.517554762763503,ToD blocks
2024-03-31,BOCORWF1,28.671696737908263,ToD blocks
2024-06-30,BOCORWF1,-70.33668673570324,ToD blocks
2024-09-30,BOCORWF1,-43.06680495166036,ToD blocks
2024-12-31,BOCORWF1,13.325924568898643,ToD blocks
2020-03-31,BODWF1,-19.338680928870914,ToD blocks
2020-06-30,BODWF1,-2.381006627801412,ToD blocks
2020-09-30,BODWF1,-1.8975539362484852,ToD blocks
2020-12-31,BODWF1,-2.5246549224421955,ToD blocks
2021-03-31,BODWF1,-0.3303185023926929,ToD blocks
2021-06-30,BODWF1,-12.716817683566049,ToD blocks
2021-09-30,BODWF1,-1.317993735703979,ToD blocks
2021-12-31,BODWF1,-4.142464360266658,ToD blocks
2022-03-31,BODWF1,-4.887477954855228,ToD blocks
2022-06-30,BODWF1,-20.92658852412734,ToD blocks
2022-09-30,BODWF1,-1.1256502912823692,ToD blocks
2022-12-31,BODWF1,3.6729567922397166,ToD blocks
2023-03-31,BODWF1,-6.584417023174595,ToD blocks
2023-06-30,BODWF1,-17.006381594443482,ToD blocks
2023-09-30,BODWF1,-0.591470396873433,ToD blocks
2023-12-31,BODWF1,-2.2605402841548425,ToD blocks
2024-03-31,BODWF1,-13.700386676039898,ToD blocks
2024-06-30,BODWF1,15.280327717057816,ToD blocks
2024-09-30,BODWF1,-21.832266183328827,ToD blocks
2024-12-31,BODWF1,-25.256274518471287,ToD blocks
2020-03-31,CROOKWF2,-6.651872085459814,ToD blocks
2020-06-30,CROOKWF2,-5.124335549595976,ToD blocks
2020-09-30,CROOKWF2,-4.3668048427999935,ToD blocks
2020-12-31,CROOKWF2,-13.418915364129887,ToD blocks
2021-03-31,CROOKWF2,0.642648797669068,ToD blocks
2021-06-30,CROOKWF2,-27.06181534227538,ToD blocks
2021-09-30,CROOKWF2,-18.09297476426559,ToD blocks
2021-12-31,CROOKWF2,-7.141544441149655,ToD blocks
2022-03-31,CROOKWF2,-7.04925962618087,ToD blocks
2022-06-30,CROOKWF2,5.259810330643802,ToD blocks
2022-09-30,CROOKWF2,-26.827849288360966,ToD blocks
2022-12-31,CROOKWF2,-0.37889949186210004,ToD blocks
2023-03-31,CROOKWF2,-4.741483349616544,ToD blocks
2023-06-30,CROOKWF2,-23.030660558403525,ToD blocks
2023-09-30,CROOKWF2,-17.372527103121577,ToD blocks
2023-12-31,CROOKWF2,-12.339368162153228,ToD blocks
2024-03-31,CROOKWF2,-6.973454405872133,ToD blocks
2024-06-30,CROOKWF2,-103.85819431663411,ToD blocks
2024-09-30,CROOKWF2,-66.4975541257729,ToD blocks
2024-12-31,CROOKWF2,-38.9058874552358,ToD blocks
2020-03-31,GULLRWF1,-11.796490661462869,ToD blocks
2020-06-30,GULLRWF1,-5.096185797027253,ToD blocks
2020-09-30,GULLRWF1,-2.4060220050478307,ToD blocks
2020-12-31,GULLRWF1,-15.559337771975194,ToD blocks
2021-03-31,GULLRWF1,-0.02827667430769054,ToD blocks
2021-06-30,GULLRWF1,-25.579273581278443,ToD blocks
2021-09-30,GULLRWF1,-17.998947221382096,ToD blocks
2021-12-31,GULLRWF1,-7.489193190157948,ToD blocks
2022-03-31,GULLRWF1,-7.423251487830186,ToD blocks
2022-06-30,GULLRWF1,8.548967950974315,ToD blocks
2022-09-30,GULLRWF1,-19.902607591066896,ToD blocks
2022-12-31,GULLRWF1,-2.5977927780871823,ToD blocks
2023-03-31,GULLRWF1,-5.630029979022396,ToD blocks
2023-06-30,GULLRWF1,-20.86299275734359,ToD blocks
2023-09-30,GULLRWF1,-16.539175263020354,ToD blocks
2023-12-31,GULLRWF1,-14.836674397602543,ToD blocks
2024-03-31,GULLRWF1,-12.774344825516494,ToD blocks
2024-06-30,GULLRWF1,-65.14833519046414,ToD blocks
2024-09-30,GULLRWF1,-48.09378908471119,ToD blocks
2024-12-31,GULLRWF1,-17.688157577864956,ToD blocks
2020-03-31,GUNNING1,-21.496303030754405,ToD blocks
2020-06-30,GUNNING1,-5.40590507444648,ToD blocks
2020-09-30,GUNNING1,-3.7321353504611565,ToD blocks
2020-12-31,GUNNING1,-10.356193946752626,ToD blocks
2021-03-31,GUNNING1,-0.16468840524223083,ToD blocks
2021-06-30,GUNNING1,-25.925414036481314,ToD blocks
2021-09-30,GUNNING1,-15.919491263278267,ToD blocks
2021-12-31,GUNNING1,-7.348850590716545,ToD blocks
2022-03-31,GUNNING1,-6.3152914183524445,ToD blocks
2022-06-30,GUNNING1,-4.341183424234885,ToD blocks
2022-09-30,GUNNING1,-23.402439143104544,ToD blocks
2022-12-31,GUNNING1,-13.536059452206729,ToD blocks
2023-03-31,GUNNING1,-10.678693792482463,ToD blocks
2023-06-30,GUNNING1,-10.527510448938472,ToD blocks
2023-09-30,GUNNING1,-14.446933140626712,ToD blocks
2023-12-31,GUNNING1,-11.960847647695921,ToD blocks
2024-03-31,GUNNING1,-13.832700593980064,ToD blocks
2024-06-30,GUNNING1,-47.895156180943616,ToD blocks
2024-09-30,GUNNING1,-46.75225214315314,ToD blocks
2024-12-31,GUNNING1,-38.06821467379106,ToD blocks
2020-03-31,SAPHWF1,-21.19937801226019,ToD blocks
2020-06-30,SAPHWF1,-2.172678795893546,ToD blocks
2020-09-30,SAPHWF1,-2.1812747385605746,ToD blocks
2020-12-31,SAPHWF1,-8.61453998658228,ToD blocks
2021-03-31,SAPHWF1,-0.4083230079264908,ToD blocks
2021-06-30,SAPHWF1,-14.201143632663431,ToD blocks
2021-09-30,SAPHWF1,1.3901247362037452,ToD blocks
2021-12-31,SAPHWF1,-5.94994950873464,ToD blocks
2022-03-31,SAPHWF1,-4.202627722872805,ToD blocks
2022-06-30,SAPHWF1,-18.53328639397472,ToD blocks
2022-09-30,SAPHWF1,-13.231815439326795,ToD blocks
2022-12-31,SAPHWF1,-5.091962687380047,ToD blocks
2023-03-31,SAPHWF1,-7.172171900449285,ToD blocks
2023-06-30,SAPHWF1,-22.42668619584792,ToD blocks
2023-09-30,SAPHWF1,0.7522989579190096,ToD blocks
2023-12-31,SAPHWF1,-4.024809285588432,ToD blocks
2024-03-31,SAPHWF1,-13.034450980350755,ToD blocks
2024-06-30,SAPHWF1,-16.140252793387702,ToD blocks
2024-09-30,SAPHWF1,-8.455361510774907,ToD blocks
2024-12-31,SAPHWF1,2.812024746027049,ToD blocks
2020-03-31,STWF1,-7.762079512278248,ToD blocks
2020-06-30,STWF1,-3.49914779921108,ToD blocks
2020-09-30,STWF1,-2.886807168735622,ToD blocks
2020-12-31,STWF1,-5.864848267039591,ToD blocks
2021-03-31,STWF1,-0.319139290958141,ToD blocks
2021-06-30,STWF1,-8.010051892146976,ToD blocks
2021-09-30,STWF1,-4.197470005458484,ToD blocks
2021-12-31,STWF1,0.07142749094880685,ToD blocks
2022-03-31,STWF1,-1.3670468834617537,ToD blocks
2022-06-30,STWF1,-26.728602073528123,ToD blocks
2022-09-30,STWF1,-6.383063264080164,ToD blocks
2022-12-31,STWF1,-4.10025414066223,ToD blocks
2023-03-31,STWF1,-4.4153138609318034,ToD blocks
2023-06-30,STWF1,-11.744766591286321,ToD blocks
2023-09-30,STWF1,-2.3390899578716073,ToD blocks
2023-12-31,STWF1,1.374769254804491,ToD blocks
2024-03-31,STWF1,-4.1358503493380425,ToD blocks
2024-06-30,STWF1,23.02804447256966,ToD blocks
2024-09-30,STWF1,-8.828088418714955,ToD blocks
2024-12-31,STWF1,9.189462794920331,ToD blocks
2020-03-31,TARALGA1,-2.7674854313928705,ToD blocks
2020-06-30,TARALGA1,-5.095599394973171,ToD blocks
2020-09-30,TARALGA1,-3.259747701528177,ToD blocks
2020-12-31,TARALGA1,-7.708755134814012,ToD blocks
2021-03-31,TARALGA1,0.9822977594466806,ToD blocks
2021-06-30,TARALGA1,-27.74259731367148,ToD blocks
2021-09-30,TARALGA1,-16.73598828966322,ToD blocks
2021-12-31,TARALGA1,-5.971978348706735,ToD blocks
2022-03-31,TARALGA1,-4.689792414719022,ToD blocks
2022-06-30,TARALGA1,14.11341787457934,ToD blocks
2022-09-30,TARALGA1,-25.2640085113853,ToD blocks
2022-12-31,TARALGA1,6.198294103370998,ToD blocks
2023-03-31,TARALGA1,0.9514392012308832,ToD blocks
2023-06-30,TARALGA1,-7.197261655763327,ToD blocks
2023-09-30,TARALGA1,-17.208588916231413,ToD blocks
2023-12-31,TARALGA1,-8.476705576406324,ToD blocks
2024-03-31,TARALGA1,1.64161462122631,ToD blocks
2024-06-30,TARALGA1,-24.32526395583858,ToD blocks
2024-09-30,TARALGA1,-47.38097629567575,ToD blocks
2024-12-31,TARALGA1,-3.953750874657459,ToD blocks
2020-03-31,WOODLWN1,-8.698009858707564,ToD blocks
2020-06-30,WOODLWN1,-6.229840543077707,ToD blocks
2020-09-30,WOODLWN1,-3.4960737199522427,ToD blocks
2020-12-31,WOODLWN1,-2.9428969499822557,ToD blocks
2021-03-31,WOODLWN1,0.7667661003558877,ToD blocks
2021-06-30,WOODLWN1,-17.207234260385803,ToD blocks
2021-09-30,WOODLWN1,-15.92238086109608,ToD blocks
2021-12-31,WOODLWN1,-4.660770475381533,ToD blocks
2022-03-31,WOODLWN1,-6.015116736112532,ToD blocks
2022-06-30,WOODLWN1,15.184224959992207,ToD blocks
2022-09-30,WOODLWN1,-25.143319714102972,ToD blocks
2022-12-31,WOODLWN1,-0.4427837873888336,ToD blocks
2023-03-31,WOODLWN1,4.7986793496882285,ToD blocks
2023-06-30,WOODLWN1,-9.702941900200585,ToD blocks
2023-09-30,WOODLWN1,-15.92767872346765,ToD blocks
2023-12-31,WOODLWN1,-6.485281852393882,ToD blocks
2024-03-31,WOODLWN1,-5.031109608079149,ToD blocks
2024-06-30,WOODLWN1,-13.382923778253456,ToD blocks
2024-09-30,WOODLWN1,-41.834439044507604,ToD blocks
2024-12-31,WOODLWN1,17.770275470561643,ToD blocks
2020-03-31,WRWF1,-21.349960827568225,ToD blocks
2020-06-30,WRWF1,-0.7496311298502434,ToD blocks
2020-09-30,WRWF1,-2.038592240755584,ToD blocks
2020-12-31,WRWF1,-8.889307166155085,ToD blocks
2021-03-31,WRWF1,-0.5334745835124721,ToD blocks
2021-06-30,WRWF1,-21.419356988693764,ToD blocks
2021-09-30,WRWF1,-0.1736156027447322,ToD blocks
2021-12-31,WRWF1,-4.409609369826256,ToD blocks
2022-03-31,WRWF1,-5.61731614184356,ToD blocks
2022-06-30,WRWF1,-13.501244085515907,ToD blocks
2022-09-30,WRWF1,-7.799349184077954,ToD blocks
2022-12-31,WRWF1,-7.88686380421241,ToD blocks
2023-03-31,WRWF1,-7.553315235153121,ToD blocks
2023-06-30,WRWF1,-22.426556080359163,ToD blocks
2023-09-30,WRWF1,0.1380840051754575,ToD blocks
2023-12-31,WRWF1,-5.2542012531136635,ToD blocks
2024-03-31,WRWF1,-14.800007778416983,ToD blocks
2024-06-30,WRWF1,3.9050712997791948,ToD blocks
2024-09-30,WRWF1,-18.456897368716042,ToD blocks
2024-12-31,WRWF1,17.324631784092276,ToD blocks
2020-03-31,BOCORWF1,14.972996973311737,Baseload
2020-06-30,BOCORWF1,-4.582705773700475,Baseload
2020-09-30,BOCORWF1,-4.638565831085948,Baseload
2020-12-31,BOCORWF1,-3.009018238089652,Baseload
2021-03-31,BOCORWF1,0.47878307279169974,Baseload
2021-06-30,BOCORWF1,-18.144667598308928,Baseload
2021-09-30,BOCORWF1,-12.692760967738138,Baseload
2021-12-31,BOCORWF1,-1.42566597196425,Baseload
2022-03-31,BOCORWF1,-1.4009232339614925,Baseload
2022-06-30,BOCORWF1,53.02765295434648,Baseload
2022-09-30,BOCORWF1,-33.55186660735333,Baseload
2022-12-31,BOCORWF1,-0.18178721042140467,Baseload
2023-03-31,BOCORWF1,8.506887460701165,Baseload
2023-06-30,BOCORWF1,-20.620728811527528,Baseload
2023-09-30,BOCORWF1,-8.588092685662176,Baseload
2023-12-31,BOCORWF1,-6.314754451410444,Baseload
2024-03-31,BOCORWF1,32.628175682373296,Baseload
2024-06-30,BOCORWF1,-69.96668131917076,Baseload
2024-09-30,BOCORWF1,-41.71325622412682,Baseload
2024-12-31,BOCORWF1,19.82007228646617,Baseload
2020-03-31,BODWF1,-29.30393145641149,Baseload
2020-06-30,BODWF1,-2.9266435095312673,Baseload
2020-09-30,BODWF1,-2.2513248936886043,Baseload
2020-12-31,BODWF1,-6.781141140542587,Baseload
2021-03-31,BODWF1,-0.4470257595530214,Baseload
2021-06-30,BODWF1,-16.90528944267814,Baseload
2021-09-30,BODWF1,-1.3324063691076589,Baseload
2021-12-31,BODWF1,-2.634770063857381,Baseload
2022-03-31,BODWF1,-4.7772625406346805,Baseload
2022-06-30,BODWF1,-21.659049996226997,Baseload
2022-09-30,BODWF1,1.760060733352816,Baseload
2022-12-31,BODWF1,10.1537934606054,Baseload
2023-03-31,BODWF1,-5.097737366151421,Baseload
2023-06-30,BODWF1,-16.690946949883468,Baseload
2023-09-30,BODWF1,1.1511616278778405,Baseload
2023-12-31,BODWF1,0.1454034738228529,Baseload
2024-03-31,BODWF1,-15.326858318974487,Baseload
2024-06-30,BODWF1,12.402122378164677,Baseload
2024-09-30,BODWF1,-20.362786158901727,Baseload
2024-12-31,BODWF1,-27.618223605546746,Baseload
2020-03-31,CROOKWF2,-5.047847690025421,Baseload
2020-06-30,CROOKWF2,-5.168241978287796,Baseload
2020-09-30,CROOKWF2,-4.622275519373673,Baseload
2020-12-31,CROOKWF2,-13.03349229693032,Baseload
2021-03-31,CROOKWF2,0.8356910771604049,Baseload
2021-06-30,CROOKWF2,-27.13343538212071,Baseload
2021-09-30,CROOKWF2,-18.707266269719497,Baseload
2021-12-31,CROOKWF2,-7.240368453970056,Baseload
2022-03-31,CROOKWF2,-6.504518533090462,Baseload
2022-06-30,CROOKWF2,5.482430914318741,Baseload
2022-09-30,CROOKWF2,-27.776535677747177,Baseload
2022-12-31,CROOKWF2,-0.6927489061247485,Baseload
2023-03-31,CROOKWF2,-2.9230943922920716,Baseload
2023-06-30,CROOKWF2,-22.90498910799937,Baseload
2023-09-30,CROOKWF2,-18.14421573794484,Baseload
2023-12-31,CROOKWF2,-12.46289373744903,Baseload
2024-03-31,CROOKWF2,-4.641103612133406,Baseload
2024-06-30,CROOKWF2,-104.29528760462877,Baseload
2024-09-30,CROOKWF2,-67.9832827879105,Baseload
2024-12-31,CROOKWF2,-38.81209707761191,Baseload
2020-03-31,GULLRWF1,-12.48653621015039,Baseload
2020-06-30,GULLRWF1,-5.190767934538314,Baseload
2020-09-30,GULLRWF1,-2.596999447969999,Baseload
2020-12-31,GULLRWF1,-15.529143128073017,Baseload
2021-03-31,GULLRWF1,0.024898187051107357,Baseload
2021-06-30,GULLRWF1,-26.151859591578997,Baseload
2021-09-30,GULLRWF1,-18.326112269628155,Baseload
2021-12-31,GULLRWF1,-7.7156260812162,Baseload
2022-03-31,GULLRWF1,-7.187586480450875,Baseload
2022-06-30,GULLRWF1,8.642996909780607,Baseload
2022-09-30,GULLRWF1,-19.89355936926779,Baseload
2022-12-31,GULLRWF1,-3.0856255125628564,Baseload
2023-03-31,GULLRWF1,-4.705812911257112,Baseload
2023-06-30,GULLRWF1,-20.675374865669397,Baseload
2023-09-30,GULLRWF1,-16.605398293775238,Baseload
2023-12-31,GULLRWF1,-15.313184921983712,Baseload
2024-03-31,GULLRWF1,-12.069884380287874,Baseload
2024-06-30,GULLRWF1,-65.71321516992748,Baseload
2024-09-30,GULLRWF1,-48.65216432426061,Baseload
2024-12-31,GULLRWF1,-19.29509827504765,Baseload
2020-03-31,GUNNING1,-23.636076710070654,Baseload
2020-06-30,GUNNING1,-5.336960764930666,Baseload
2020-09-30,GUNNING1,-3.807634639111747,Baseload
2020-12-31,GUNNING1,-11.641059882915847,Baseload
2021-03-31,GUNNING1,0.05458114540794412,Baseload
2021-06-30,GUNNING1,-25.10602084517535,Baseload
2021-09-30,GUNNING1,-15.802958701763593,Baseload
2021-12-31,GUNNING1,-6.127503099650937,Baseload
2022-03-31,GUNNING1,-5.495455864114049,Baseload
2022-06-30,GUNNING1,-2.6358850485183893,Baseload
2022-09-30,GUNNING1,-22.073787430175685,Baseload
2022-12-31,GUNNING1,-9.223399837678613,Baseload
2023-03-31,GUNNING1,-7.450095832958681,Baseload
2023-06-30,GUNNING1,-8.777323965148042,Baseload
2023-09-30,GUNNING1,-13.53714058737475,Baseload
2023-12-31,GUNNING1,-9.546305588684127,Baseload
2024-03-31,GUNNING1,-11.25668893300201,Baseload
2024-06-30,GUNNING1,-46.571494589116384,Baseload
2024-09-30,GUNNING1,-45.9436326915836,Baseload
2024-12-31,GUNNING1,-34.637542729673385,Baseload
2020-03-31,SAPHWF1,-31.039826090975502,Baseload
2020-06-30,SAPHWF1,-2.105515049058276,Baseload
2020-09-30,SAPHWF1,-2.191194174597669,Baseload
2020-12-31,SAPHWF1,-13.28242282294174,Baseload
2021-03-31,SAPHWF1,-0.14442710647128365,Baseload
2021-06-30,SAPHWF1,-12.973522415321455,Baseload
2021-09-30,SAPHWF1,2.4638174623939477,Baseload
2021-12-31,SAPHWF1,-2.5204693156001525,Baseload
2022-03-31,SAPHWF1,-2.8387306585892844,Baseload
2022-06-30,SAPHWF1,-13.703744246254928,Baseload
2022-09-30,SAPHWF1,-7.718279004939546,Baseload
2022-12-31,SAPHWF1,7.292067296884994,Baseload
2023-03-31,SAPHWF1,-1.126127641755943,Baseload
2023-06-30,SAPHWF1,-17.0661454188279,Baseload
2023-09-30,SAPHWF1,4.4589373475244685,Baseload
2023-12-31,SAPHWF1,2.51368970663448,Baseload
2024-03-31,SAPHWF1,-10.043557066295179,Baseload
2024-06-30,SAPHWF1,-12.720559380789211,Baseload
2024-09-30,SAPHWF1,-3.887392530085066,Baseload
2024-12-31,SAPHWF1,10.208005976172444,Baseload
2020-03-31,STWF1,-21.05327904931289,Baseload
2020-06-30,STWF1,-4.05622490425781,Baseload
2020-09-30,STWF1,-3.238609213921549,Baseload
2020-12-31,STWF1,-11.30484037329041,Baseload
2021-03-31,STWF1,-0.5754462723552791,Baseload
2021-06-30,STWF1,-12.280830764042904,Baseload
2021-09-30,STWF1,-3.8407026433885534,Baseload
2021-12-31,STWF1,1.738890764824852,Baseload
2022-03-31,STWF1,-1.4582937025226812,Baseload
2022-06-30,STWF1,-26.667528725761713,Baseload
2022-09-30,STWF1,-1.7594069934198728,Baseload
2022-12-31,STWF1,3.322487758396207,Baseload
2023-03-31,STWF1,-3.3409637519504685,Baseload
2023-06-30,STWF1,-10.386536275490869,Baseload
2023-09-30,STWF1,0.5087229287314159,Baseload
2023-12-31,STWF1,3.8735723435148515,Baseload
2024-03-31,STWF1,-7.246003489105533,Baseload
2024-06-30,STWF1,20.81422743338277,Baseload
2024-09-30,STWF1,-5.792445186857108,Baseload
2024-12-31,STWF1,4.896119513216689,Baseload
2020-03-31,TARALGA1,-0.9133458842023572,Baseload
2020-06-30,TARALGA1,-5.224465620912156,Baseload
2020-09-30,TARALGA1,-3.5830084271386085,Baseload
2020-12-31,TARALGA1,-6.103083966682419,Baseload
2021-03-31,TARALGA1,1.0591493705372272,Baseload
2021-06-30,TARALGA1,-28.770209301061712,Baseload
2021-09-30,TARALGA1,-17.388324006315152,Baseload
2021-12-31,TARALGA1,-6.664607439194448,Baseload
2022-03-31,TARALGA1,-4.564406216377847,Baseload
2022-06-30,TARALGA1,13.482886083908681,Baseload
2022-09-30,TARALGA1,-25.90491306771048,Baseload
2022-12-31,TARALGA1,3.518963918222738,Baseload
2023-03-31,TARALGA1,1.2222216243203832,Baseload
2023-06-30,TARALGA1,-7.674008130949488,Baseload
2023-09-30,TARALGA1,-17.847297803117577,Baseload
2023-12-31,TARALGA1,-9.646748374846759,Baseload
2024-03-31,TARALGA1,2.504920486229011,Baseload
2024-06-30,TARALGA1,-25.353678954952557,Baseload
2024-09-30,TARALGA1,-48.72820371792308,Baseload
2024-12-31,TARALGA1,-4.034643195034619,Baseload
2020-03-31,WOODLWN1,-4.101545106113463,Baseload
2020-06-30,WOODLWN1,-5.916336463753666,Baseload
2020-09-30,WOODLWN1,-3.150492468840831,Baseload
2020-12-31,WOODLWN1,-1.3985303244196956,Baseload
2021-03-31,WOODLWN1,1.3649403538597724,Baseload
2021-06-30,WOODLWN1,-14.33450877867439,Baseload
2021-09-30,WOODLWN1,-15.05642069571234,Baseload
2021-12-31,WOODLWN1,-3.3198173585921182,Baseload
2022-03-31,WOODLWN1,-4.424483044314059,Baseload
2022-06-30,WOODLWN1,17.83197503768838,Baseload
2022-09-30,WOODLWN1,-23.356473311060398,Baseload
2022-12-31,WOODLWN1,2.762856790803525,Baseload
2023-03-31,WOODLWN1,10.167139117217047,Baseload
2023-06-30,WOODLWN1,-7.477213442694449,Baseload
2023-09-30,WOODLWN1,-14.36925688606405,Baseload
2023-12-31,WOODLWN1,-3.2161944031954874,Baseload
2024-03-31,WOODLWN1,1.8466907199489242,Baseload
2024-06-30,WOODLWN1,-10.517475779706444,Baseload
2024-09-30,WOODLWN1,-39.7046565610208,Baseload
2024-12-31,WOODLWN1,29.350569936496328,Baseload
2020-03-31,WRWF1,-27.995226775013933,Baseload
2020-06-30,WRWF1,-0.7020145317104038,Baseload
2020-09-30,WRWF1,-2.2234130900271154,Baseload
2020-12-31,WRWF1,-11.496923215154354,Baseload
2021-03-31,WRWF1,-0.23924751015395174,Baseload
2021-06-30,WRWF1,-20.56289353541993,Baseload
2021-09-30,WRWF1,-0.008739997926340948,Baseload
2021-12-31,WRWF1,-1.745824069519749,Baseload
2022-03-31,WRWF1,-4.341651402721084,Baseload
2022-06-30,WRWF1,-10.087447826074992,Baseload
2022-09-30,WRWF1,-5.391097270414775,Baseload
2022-12-31,WRWF1,1.2334734365988567,Baseload
2023-03-31,WRWF1,-2.1646449510162284,Baseload
2023-06-30,WRWF1,-18.625517141327137,Baseload
2023-09-30,WRWF1,1.6703147752737806,Baseload
2023-12-31,WRWF1,0.03942262010379238,Baseload
2024-03-31,WRWF1,-11.460210507776011,Baseload
2024-06-30,WRWF1,6.344377556518282,Baseload
2024-09-30,WRWF1,-16.9650086512341,Baseload
2024-12-31,WRWF1,25.703193817896505,Baseload
